"Position","Title","Company","Location","Salary","Short Description","Posted At","Detail link"
1,"Cybersecurity Engineer I","South State Bank","Winter Haven, FL",,"Recommend and implement additional security solutions or enhancements to existing security solutions to improve overall enterprise security.","Posted
Posted 5 days ago","https://www.indeed.com/rc/clk?jk=adb095e98503db8e&bb=nUCzAG8_dFntIz9Nl1JphvwAx9gs5w9_xz9TXidBXfuLTGBXrluCDK3TVTNyX-fDiqG05x6VcNopuiZth6bRYoJ8vU3_9dKfyaQbmDYQ0E8Qif_V7V_3HHMnK3ptB2Fx&xkcb=SoD067M3_Po5tCxTsB0KbzkdCdPP&fccid=1cae4ecf9aba0acb&vjs=3"
2,"Cyber Security Engineer - Remote (WFH)","COGNITIVE MEDICAL SYSTEMS INC","Remote in Tampa, FL 33619","$115,000 - $140,000 a year","Determine security requirements by evaluating business strategies and requirements; researching information security standards conducting system security and…","Posted
Posted 9 days ago","https://www.indeed.com/rc/clk?jk=d747d53eb8824995&bb=nUCzAG8_dFntIz9Nl1Jphg39SQqoxjk8mYKh2QtPfHmrYAzj5LkJn-7sw7ZSgWNqBRcFrG8V0C6UIIVkRRPXmU8KmN82m-LiA9UqEKBL-YYgy3KQhB5Abi48ERR4Wk3z&xkcb=SoBp67M3_Po5tCxTsB0JbzkdCdPP&fccid=fd1195587d58ce4d&vjs=3"
3,"Information Security Engineer I","Ryder System","Miami, FL 33178",,"Practical experience with database security, content filtering, vulnerability scanning, and anti-malware intermediate required.
Python, Java, C/C++ preferred.","Posted
Posted 3 days ago","https://www.indeed.com/rc/clk?jk=4371c17cf0d79d27&bb=nUCzAG8_dFntIz9Nl1JphuHCgGUYsfZNWnLYwzU9HpjuFwukPUSVcVclBBQ0p474seEZii8vvGhGhfUWrCVGbPfjjBsWNCuUSG4mlMcK0oDYisDgYK0WCQ%3D%3D&xkcb=SoDd67M3_Po5tCxTsB0IbzkdCdPP&fccid=22f3171d623451cc&vjs=3"
4,"Data Security Engineer","City National Bank of Florida","Miami, FL 33131 
(Downtown area)",,"2-4 years of related security systems administration with data protection management solutions and preferably some experience with endpoint, network, or…","Posted
Posted 2 days ago","https://www.indeed.com/rc/clk?jk=f8356c8cfc42be9d&bb=nUCzAG8_dFntIz9Nl1JphkB4QbWyIn57pmc3X6kqS_QcwRqbtOvfwnZkJKG_ld97NFQyWR1HledgJh-orYkjUNdYtpbdUF5HuqvORTt2Sg-ayxoKiWPaiqvT-LCtYptz&xkcb=SoBT67M3_Po5tCxTsB0PbzkdCdPP&fccid=5524a4d8649d40bd&vjs=3"
5,"IT Security Engineer","Mount Sinai Medical Center - Florida","Miami Beach, FL 33140 
(Nautilus area)",,"Evaluate, recommend, implement network and security tools.
Evaluate and make recommendation for network and security infrastructure enhancements.","Posted
Posted 3 days ago","https://www.indeed.com/rc/clk?jk=ae03e412bee1329b&bb=nUCzAG8_dFntIz9Nl1Jphs_eJHnFi4XW6we0xnqd9uYVG7ecwtmoqGzUQWgWpj9rWseNNOBP-4XO2H2d7slqEW7VcFzTmWBTo2rw2rPhLweTcciuIXRh0pQcRrOWwl_q&xkcb=SoDn67M3_Po5tCxTsB0ObzkdCdPP&fccid=3d022164dba1c289&vjs=3"
6,"Cyber Security Engineer","Cinch Home Services","Hybrid work in Boca Raton, FL 33431",,"Minimum 5+ years of experience in cyber security operations and incident response.
Monitor and analyze security events using SIEM and other security tools.","Employer
Active 3 days ago","https://www.indeed.com/rc/clk?jk=1bb646ca9199e266&bb=nUCzAG8_dFntIz9Nl1Jphi5kgqEs9vmGGHxxC7llLGQ9gycDavrtupB-eUY2jbEiQqRk0oql1RZ-5cjC0PI2OAZC1G42i0tjqO0dgovtaqmu0RsvzXFeuj5-HKFqVqKm&xkcb=SoB667M3_Po5tCxTsB0NbzkdCdPP&fccid=bb57edad43673a1f&cmp=Cinch-Home-Services&ti=IT+Security+Specialist&vjs=3"
7,"Cybersecurity Engineer","ThreatLocker","Orlando, FL",,"Respond to security incidents promptly.
Develop and implement security policies.
Conduct post-incident analyses to prevent future breaches.","Posted
Posted 1 day ago","https://www.indeed.com/rc/clk?jk=dd6bfe3a1e7610d4&bb=nUCzAG8_dFntIz9Nl1Jphj7RLOuIl0eOAP6twWI5wPCG1yLrfKjDs6laU0yMzyf67oD_UH01UgzEtugzGt_e-xPdTD9n1k7IwviheO0zOFTuX1RBHUILFX_OCRHuwX0C&xkcb=SoDO67M3_Po5tCxTsB0MbzkdCdPP&fccid=177b3b6148b98576&vjs=3"
8,"Application Security Engineer","Applied Research Associates, Inc","Niceville, FL 32578",,"Familiar with common security libraries, RMF security controls, common security flows, and vulnerability assessments for C++ applications.","Posted
Posted 30+ days ago","https://www.indeed.com/rc/clk?jk=4855a7a967309ef1&bb=nUCzAG8_dFntIz9Nl1JphvdDIpukNIT9AB4RPUpEmE0-WgLLnN7Ooa4qijIy2Bc97L5ddXWr0ii1QutxhRCUTneuDVfDQ5Mxd3o1br476Wgg3kVU1c6cYK8JQXX6guzk&xkcb=SoAn67M3_Po5tCxTsB0DbzkdCdPP&fccid=600e6abd00b4b668&vjs=3"
9,"Security Engineer","AnyDesk Software GmbH","Tampa, FL",,"Proven experience in a security engineering role, with a focus on endpoint security, network security, and SEIM solutions.
Free drinks and weekly team lunch.","Posted
Posted 10 days ago","https://www.indeed.com/rc/clk?jk=08cacfef3c2c8c29&bb=nUCzAG8_dFntIz9Nl1JphvtLyHrAAbc_D4iOVrhTmCbZuxYQpZIPiztxoThCZiIEC3UVoRaVR2hlHS66uMzZyjUM6nTIMejpxLCSlSM0Sd99BWNe5VB_nbRGFfqH4dga&xkcb=SoCT67M3_Po5tCxTsB0CbzkdCdPP&fccid=067e199c18e59d17&vjs=3"
10,"Network Security Engineer","Health Care District of Palm Beach County","West Palm Beach, FL 33401",,"Minimum 5 years experience in the network security engineer field required.
Evaluate new networking and network security technologies as they evolve and…","Posted
Posted 11 days ago","https://www.indeed.com/rc/clk?jk=001858568849b9a4&bb=nUCzAG8_dFntIz9Nl1Jphr-Si2hn5Rw2OUAv9Zp2W8K53R3v80SCwHkgG2oyiGlHKR2oeTuIIAY-MOUCa-ynyXMqNh-h6ydv4IrjYQZhh-N7ipscvtx0Q6HDeMxOoVox&xkcb=SoAO67M3_Po5tCxTsB0BbzkdCdPP&fccid=7e2cc99b414f17d4&vjs=3"
11,"Security Engineer","MYGRANT GLASS COMPANY INC","Remote in Orlando, FL 32837","$90,000 - $120,000 a year","Organizing computer security architecture and developing detailed cyber security designs.
Creating technical solutions and new security tools to help mitigate…","Posted
Posted 30+ days ago","https://www.indeed.com/rc/clk?jk=bddbd04c780ebd9a&bb=nUCzAG8_dFntIz9Nl1JphssMA6PHb8rrofF1OzRIPLBpQ3wOEc8w_R4TDhoDeelOVm8Ej6qEgLZGlar5WSdl6nBN6EQyC2cTNJeA4xFN3FNSoxGucjswiz_HyozKS70j&xkcb=SoC667M3_Po5tCxTsB0AbzkdCdPP&fccid=e71545f7dd77d549&vjs=3"
12,"Security Engineer","Millennium Management","Miami, FL",,"Offer guidance and support to other IT and security teams, assisting them with security-related concerns.
At least one security certification preferred.","Posted
Posted 8 days ago","https://www.indeed.com/rc/clk?jk=8f326da13d514530&bb=nUCzAG8_dFntIz9Nl1JphtkjCtBMVgIpKvJ-rOmzPH8f9FpBaexZqs33rtUbX1QCg-XAAFtBc6DQRZNbapW9gcFwuLdWZqeYs8BpecDVEwtiURrTzCAd_FfBO2_9tA8l&xkcb=SoA067M3_Po5tCxTsB0HbzkdCdPP&fccid=a8e93c8399e450e8&vjs=3"
13,"Senior IT Cyber Security Engineer","ashley furniture","Tampa, FL 33607 
(Northeast Macfarlane area)",,"Knowledge of information security standards and best practice.
Provides 3rd level support and troubleshooting for issues escalated from more junior engineers on…","Posted
Posted 12 days ago","https://www.indeed.com/rc/clk?jk=07b85e0efbe51052&bb=nUCzAG8_dFntIz9Nl1JphlzXhemzk16ies_pHwl0sBdn_F8JNVG5M9pSZcS2-1Q4B7nzpLRbXdiaAcw-ioFZNtsdQ_zrcOk-7XBnjr71jBR4aHH1fEV96i7sXA1Y_1Rx&xkcb=SoCA67M3_Po5tCxTsB0GbzkdCdPP&fccid=764d835ecb2bbfdd&vjs=3"
14,"Lead Information Security Engineer","EverBank N.A.","Hybrid work in Jacksonville, FL 32202","$119,100 - $161,100 a year","Communicates with cybersecurity risk and security operation teams to enhance the overall security posture of the enterprise.","Posted
Posted 30+ days ago","https://www.indeed.com/rc/clk?jk=2c989fc251af5c41&bb=nUCzAG8_dFntIz9Nl1Jphnr_lUNH7ViXzGbDPvYmYSEWQW6zSMuiZZR_W0EFHD73vOeo8mc1Jkmqzwmh61k8lPOUE7HAtr2e7tqQL0ua_-9O_spXybNtz_riP3fTyWkF&xkcb=SoAd67M3_Po5tCxTsB0FbzkdCdPP&fccid=dd616958bd9ddc12&vjs=3"
15,"Sr. Security Engineer, Tanium/AWS/Qualys - AVP","MUFG Bank, Ltd.","Hybrid work in Tampa, FL 33607","$100,000 - $125,000 a year","Demonstrate in-depth knowledge of concepts, best practices and controls in a breadth of information security areas/domains; these information security areas…","Posted
Posted 30+ days ago","https://www.indeed.com/pagead/clk?mo=r&ad=-6NYlbfkN0DmIoLEfx3e5FKWdzPrCZVymN6nI1W4eX3Ta9yHxbrh7ZgLWpkiUKmkIMUlIR3bmBTJdvnWLmGSoH8UHZ901BkKexto4xW8onS5UOPczh78QDZREbUjlecClJi5zA3xyl2X2z2iAdSNuJDMysHnQ3l4A6L6KTHYJ_8jwYoGt_jH0vGwl-CfJeu7pAbZKu_OJwoCVyFA5bgi8loEk7rBBi0QS0nLklgxk0RsJq3Qnil4CwUIe1s5Yspfe16kXqH5_FkjdBKYxUKcqSpWtOcb4XMyoJCSsWtWS0rVx1t5BkD3pqoDpD5oSfNsZUI2R-drrJECidPcmSWkt-rl7xKP_O7fQzdngeRcQEDMAGBOoEiMv32oD6kfJU11GSdVhUoL-ItaMN2XklMl7M2UYiRrQjjsMF6pw-56kROYSGT0NMJJN9tFz99BHCMGg5loZ5zCobx5eTZf5X2aqxGHo-P5hautMdgxbf67mEw69AhkaI93nz_yCiuR6yAJ_Dwni1AXZWk1ZgrYNga8BIquv6Ys14WN_7SIk7vn7vlUoDGNnrTVL3sz8qOq-Sw1HU8Dl_gzH_PHcPjpz8yot53C1qwNy7gOmjC4HXzOXGvHn5sWG3vNWGHVbMEYqArpIzh_mz02s1qnzNatG6ssqISw9H7rdYy5BV_3m2kEP7l6LxlCxeAVdbpPa7QP5RYduOlpoUq3kCsqzNjaNjFCvgDP4KFl7Un7qtTqHKSdYJq1exKrrjZRXqwHu0PFieGvnZaKvnVOt29p5iPVZCxcrUiSIlcGmUiZoZTdY2hVs67XlvAcR70Euo1D6bMKp86uAM-RItOaBRM=&xkcb=SoBd6_M3_Po5tCxTsB0EbzkdCdPP&camk=f416UQcMBpB1LqLOiQTPGA==&p=14&fvj=0&vjs=3"
16,"Systems Engineer - Cyber Security (Palo Alto)","Penske Truck Leasing and Logistics","Tampa, FL 33609 
(Beach Park area)",,"Provide security reviews and define security models for new systems.
You will provide security reviews and define security models for new systems based on…","Posted
Posted 17 days ago","https://www.indeed.com/rc/clk?jk=6464916bb1494bc3&bb=cZAUEec6x50kgTUsPRBKOzJS0VLzbEgViAHmiG-1fydgF219Hqc60TOr2wPafrclIDpt6f6YwTevw_acgVBVFz0yFASEHWbsfj98v7gTLBGENB9r5Czdfg%3D%3D&xkcb=SoCZ67M3_Po5KSxgRh0LbzkdCdPP&fccid=a0c8218c689a356a&vjs=3"
17,"Cyber Analytics and Countermeasures Engineer","Booz Allen","Pensacola, FL","$67,700 - $154,000 a year","The successful candidate will support a large federal cyber security analytic program - contributing to the knowledge of how cyber-attacks work, how…","Posted
Posted 16 days ago","https://www.indeed.com/rc/clk?jk=b04286ae144fd024&bb=cZAUEec6x50kgTUsPRBKO09reSrIOatQaUKQv1F9sroWL2QpsWfk6P9U3jQ_7NT7c-EIXyF_5WFA6G2irNkZn4EkdldMWdERZexj1OUb7VOnlZgmRRpCUsjZGueciX6B&xkcb=SoAt67M3_Po5KSxgRh0KbzkdCdPP&fccid=4e041af1d0af1bc8&vjs=3"
18,"Cyber & Information Security Engineer","Atlantis, Paradise Island","Plantation, FL",,"The r will be responsible for testing and screening security software and for monitoring networks and systems for security breaches or intrusions.","Posted
Posted 1 day ago","https://www.indeed.com/rc/clk?jk=8cc75d084a720189&bb=cZAUEec6x50kgTUsPRBKO8_YD_sJjkNf4Pm7PgQX-82nTKAQ4ylJNBauAbcymgFOSQjfyn79CbmdKhB9G24-GwB4wSc1GVnMLxhuQ-t3wI3k2tyKcBy79Gcjs8ruHLhs&xkcb=SoCw67M3_Po5KSxgRh0JbzkdCdPP&fccid=be143a8f9b6c705a&cmp=Brookfield-Hospitality-Properties&ti=IT+Security+Specialist&vjs=3"
19,"ForgeRock Security Engineer","cloudteam","Remote in Jacksonville, FL 32256",,"Proficiency of UNIX/Linux security and tools used to administer security in these environments.
Investigates business processes to understand and implement…","Posted
Posted 30+ days ago","https://www.indeed.com/rc/clk?jk=1f28966e3c83dfc4&bb=cZAUEec6x50kgTUsPRBKOzxdshZm-zTp_3BXTpswSjet4dHx3BT5h0XKKp929P6JOLgoQeWR8z_XQownMff2I24D08UCFZhraW9h9gEzvniKuR8u35F00dZG4F-21Xmg&xkcb=SoAE67M3_Po5KSxgRh0IbzkdCdPP&fccid=8e2d5787f67bc92e&vjs=3"
20,"Cyber Data Lake Engineer","Deepwatch","Remote in Tampa, FL",,"As a cyber data engineer at Deepwatch, you are proficient in designing and developing advanced cyber-relevant data lake solutions to end-to-end data…","Posted
Posted 30+ days ago","https://www.indeed.com/rc/clk?jk=969d244f6afc21f7&bb=cZAUEec6x50kgTUsPRBKO8xOYyS_-NSl0jY3da4lWwNR6l4Xxejeqev_g_BNs5lnCnfyR_IGMLsc_EFR0wvyHnOY0xdjYM7i5eZe_LsApPMh38GnDoXwoqdfF9sU3k9Q&xkcb=SoCK67M3_Po5KSxgRh0PbzkdCdPP&fccid=00c7b964396bad1f&vjs=3"
21,"Information Security Engineer II","BankUnited","Miami Lakes, FL 33016",,"Familiarity with bank security policies and government regulations pertaining to information security preferred.
Identifies and reports suspicious activity.","Posted
Posted 16 days ago","https://www.indeed.com/rc/clk?jk=b2e010ddce1a6de2&bb=cZAUEec6x50kgTUsPRBKO4Ets946mtVm5qLdKV7FQ08V0FswNp8By5-Rwttx-8FjJXQBG2v6SiQcLxTo4meHxnx1Mul3hlvhaXT6PNLQENWLt-2ESPiH1w%3D%3D&xkcb=SoA-67M3_Po5KSxgRh0ObzkdCdPP&fccid=5500c50eab3ba786&vjs=3"
22,"Cyber Security Systems Engineer - Data Engineering","Argo Cyber Systems","Remote in Pensacola, FL",,"To solve data security monitoring use cases to enable threat detection and incident response.
Experience applying data from security monitoring applications …","Posted
Posted 30+ days ago","https://www.indeed.com/rc/clk?jk=8af1c0014ad2b47d&bb=cZAUEec6x50kgTUsPRBKO1ulu0HHVrIP7Qbb7RJ-swWyEIg11iaNO53Nbqy5v_QStJqkk7SIgiwR-FZOnXewnh3bkOGfgTniBfhZQ6iJKBq-4IiWltydMmj_KDTa0SrC&xkcb=SoCj67M3_Po5KSxgRh0NbzkdCdPP&fccid=dd616958bd9ddc12&vjs=3"
23,"Cybersecurity Engineer","Imagine One Technology & Management Ltd","Jacksonville, FL 32099",,"Shall have a minimum of five (5) years of Cybersecurity experience in performing system hardening.
Shall have demonstrated experience with performing STIG…","Posted
Posted 9 days ago","https://www.indeed.com/rc/clk?jk=d583f39f26352655&bb=cZAUEec6x50kgTUsPRBKOxhruglY72zs6Ax_dW67pD7tDu5SeFj7ttR8P8vH9Kf279tJpxFcfZMftkffAO19_gvCvtFNnYEN_H_9wapzyYMdUbQXTilw3PxoZd8T7PMy&xkcb=SoAX67M3_Po5KSxgRh0MbzkdCdPP&fccid=67827b2d5b3e6ebe&vjs=3"
24,"Senior Cyber Security Engineer","ISPA Technology","Panama City Beach, FL 32408",,"U.S. citizenship and the ability to obtain and maintain a DoD security clearance.
This role is critical in enhancing our cybersecurity framework and ensuring…","Posted
Posted 30+ days ago","https://www.indeed.com/rc/clk?jk=6e58984d30f2018c&bb=cZAUEec6x50kgTUsPRBKO2GxFUe4VGfQvtPKxBSJmpbvHC8SEqtrlLDL7LhytY6m_uTJ6NK6iocO1xBGWH1cm0GuP4aTcxprufCE_e5knPz-fLlCbzN6Mq26rPIQzQIw&xkcb=SoD-67M3_Po5KSxgRh0DbzkdCdPP&fccid=1c7ed79af7baa631&vjs=3"
25,"Senior Security Engineer, Detection and Response","Circle","Remote in Miami, FL","$147,500 - $195,000 a year","4+ years of experience as a security engineer, site reliability engineer, devops/cloudops engineer or systems engineer with a minimum of two years (can be…","Posted
Posted 25 days ago","https://www.indeed.com/rc/clk?jk=215fbf4f51cdde43&bb=cZAUEec6x50kgTUsPRBKO08gPqcgFGuA1WvznDkbke7Jx8ydKn9MizeExSYTvul44g91BdeAlPEGBI1KISgNHMRvlHYEYPf5IKWB0C3zSAhDNEHKfwtNTTZj76mTHaF4&xkcb=SoBK67M3_Po5KSxgRh0CbzkdCdPP&fccid=35900636d62adaf2&vjs=3"
26,"Insider Threat Security Engineer, AVP","MUFG Bank, Ltd.","Hybrid work in Tampa, FL 33607",,"The selected colleague will work at an MUFG office or client sites four days per week and work remotely one day.","Posted
Posted 30+ days ago","https://www.indeed.com/rc/clk?jk=d122875a7ab9235f&bb=cZAUEec6x50kgTUsPRBKO-hbdF5dvlGT9ccwM5YZELDoPeOFdZv7n-2mAgTUwdbzMWB7Uuio33HYmFZDUkpdV6ymvvwJBORRzpZDQN_I91Hw-_E7vjJsSmojdTBvqG1U&xkcb=SoDX67M3_Po5KSxgRh0BbzkdCdPP&fccid=3b98171e4a0fd997&vjs=3"
27,"Security Engineer II - IS Network Engineering","Lakeland Regional Health","Lakeland, FL 33801 
(Downtown area)","$101,857.60 - $127,337.60 a year","Designs, implements and supports integration of information security solutions including security architectures, integrating security products, and developing…","Employer
Active 6 days ago","https://www.indeed.com/rc/clk?jk=f1b2bb68c64d5d83&bb=cZAUEec6x50kgTUsPRBKO4x8bqlqBVPjbIupjx7VYvguEzd_gK7HQr4xw_tpRkHIjUTMWHbNkImgEmBCEVlchYI5e6-UTK95bPnYwWK6g0h-DHUFz8N_Pw%3D%3D&xkcb=SoBj67M3_Po5KSxgRh0AbzkdCdPP&fccid=e5b13a51e840670a&vjs=3"
28,"Network Security Engineer (Prisma)","Fisher Investments","Hybrid work in Tampa, FL",,"Design upgrades of existing security infrastructure.
Support the Global Security Infrastructure of the firm.
Develop process to support departmental and company…","Posted
Posted 30+ days ago","https://www.indeed.com/rc/clk?jk=cc67c381f62538a2&bb=cZAUEec6x50kgTUsPRBKOyk7NPSOuPKkPQHOF3DcQ2n3T6Um_1Xm_nJE04s0-JpmjRcBasSUfwRygCX1CEMMFXLpLD9qQO6AOHCaabn3Cba7IB3XvjhCuw%3D%3D&xkcb=SoDt67M3_Po5KSxgRh0HbzkdCdPP&fccid=bca5300dac46237f&vjs=3"
29,"Senior Security Networking Engineer/Architect","M247","Remote in Saint Petersburg, FL 33701",,"Design and implement network security solutions.
Manage and troubleshoot network security issues.
Conduct network security assessments and audits.","Posted
Posted 30+ days ago","https://www.indeed.com/rc/clk?jk=97b49031c28cc9f6&bb=cZAUEec6x50kgTUsPRBKO4LvmfGacaHfdQt0_9HQSH8kkXg4Lt6yBBkQ_ZPAbS9Q9MhKyX68RMYrVFbsyIqGx4Wv8rjO-kIAyI8g6QKM2M03EIaJXHKOk187P_2rEaqF&xkcb=SoBZ67M3_Po5KSxgRh0GbzkdCdPP&fccid=65bb55c8b5e6d32f&vjs=3"
30,"Senior Application Engineer, IT Security Operations","Universal Orlando Resort","Orlando, FL",,"Identify and communicate key risks and security posture to senior leadership; build effective relationships across UDX business units; mentor junior security…","Posted
Posted 30+ days ago","https://www.indeed.com/rc/clk?jk=fc905411efda3f41&bb=cZAUEec6x50kgTUsPRBKOwSxUo883FuvmPWRrqbXLizE757xYaDSHyRinSPOZR1NUn0G8ZYXCuheCvxtWTchFIHYUp7uQ8K4UYnO3H4IjGbiUxi0k3bemu-PDif2QCC3&xkcb=SoDE67M3_Po5KSxgRh0FbzkdCdPP&fccid=8a2e5e25a9623039&vjs=3"
31,"Cyber Security Engineer","American Unit Inc","Tallahassee, FL 32301",,"2+ years of demonstrated experience producing information security related documentation addressing procedures, standards, and guidelines to ensure information…","Employer
Active 3 days ago","https://www.indeed.com/rc/clk?jk=a0e28ad3d1355f67&bb=-MpGhMalZXaLp8phYycCSxFVgwIlTFAI9VCN74TmGrkYi7bcmscfJnOwzjZ8MsLFwrOFxEu4ERuT2R7_yRYPtOHYPYC5eKn6fmJCMKU8BoIc6fnyW7v7iUkdfuXTus6G&xkcb=SoD567M3_Po452RgRh0_bzkdCdPP&fccid=2c66c04e2f4d0876&cmp=American-Unit-Inc&ti=IT+Security+Specialist&vjs=3"
32,"CyberArk Security Engineer","Raymond James Financial, Inc.","Saint Petersburg, FL 33716 
(Carillon area)",,"Implements Continuous Control Monitoring as necessary for PAM operational excellence and to ensure security best practices are me.","Posted
Posted 30+ days ago","https://www.indeed.com/rc/clk?jk=68acaa10da22e8a9&bb=-MpGhMalZXaLp8phYycCS5O5TMuput0QEpeMsnu_-sc7rIy4CT84_pNpjo_fMRwjf9BphTpoRwuKkKa1RC6W-ptqVgV_zSmXxRKBv3I6_e_cyweLUTNpc0eMuAHELtoz&xkcb=SoCk67M3_Po452RgRh0xbzkdCdPP&fccid=a29e9c4c46532426&vjs=3"
33,"Azure Cloud Security Engineer (Remote)","Deloitte","Remote in Boca Raton, FL",,"Configuring and managing cloud security policies.
Assessing and mitigating cloud security risks.
Experience in mobile and endpoint security.","Posted
Posted 16 days ago","https://www.indeed.com/rc/clk?jk=bf72cb1779baeebe&bb=-MpGhMalZXaLp8phYycCS6q2o3deo5aFVRz5nnCJer3x-rBt7_xPnh0Fm9UoerH-444mztz4QlXxCYgZBAL6LswErFbV2ppmdzF8OsVCsLxZbQIl-_qdvw%3D%3D&xkcb=SoCe67M3_Po452RgRh03bzkdCdPP&fccid=9e215d88a6b33622&vjs=3"
34,"Palo Alto Cybersecurity Lead Engineer","University of Miami","Miami, FL",,"Upgrades security systems by monitoring security environment, identifying security gaps and evaluating and implementing enhancements.","Posted
Posted 30+ days ago","https://www.indeed.com/rc/clk?jk=a437629e55c8fe43&bb=-MpGhMalZXaLp8phYycCS1S-iyYXv0n6I8sa5k4ZCbcA-7py_2-sriXuiN964QWpFpfUTxCHIJTWesJehHu_CxAVZJ8z7GiFG-4NEj1WesFGLcwn5ppyrg%3D%3D&xkcb=SoAD67M3_Po452RgRh00bzkdCdPP&fccid=ec40e650131b4ee3&vjs=3"
35,"Cyber Security Engineer","Baptist Health","Jacksonville, FL 32207 
(Spring Park area)",,"Identifies security risks and exposures, determines the causes of security violations and suggests procedures to halt future incidents and improve security.","Posted
Posted 30+ days ago","https://www.indeed.com/rc/clk?jk=6eeacdb85a297905&bb=-MpGhMalZXaLp8phYycCS-eD2T3BMToex9hNeeBSrhYlKU2MnaQFN5zGOKJXa7HUssnG3X1EgEJkhbvQhicVJGXEqaXua_LPvSlS4qIwJYKwLDmZ5_yqSA%3D%3D&xkcb=SoB167M3_Po452RgRh1KbzkdCdPP&fccid=e9ae04cc3c613d88&vjs=3"
36,"IT Infrastructure & Security Engineer (Hybrid)","City Facilities Management","Jacksonville, FL",,"Explains the purpose of security controls and performs security risk and business impact analysis for medium complexity information systems.","Posted
Posted 19 days ago","https://www.indeed.com/rc/clk?jk=17be1a12b7c8f6a5&bb=-MpGhMalZXaLp8phYycCSypQilZ8oBpZ0O3OLoUzZ4xd9Ut5FITQBa4BVDNkSmgmeuxzjp1Lftjx3yNRZgXdnOXMnLYo3PGtee7Qx9ScAX-6ShYWnuFnb4n1kj7fABEj&xkcb=SoBc67M3_Po452RgRh1IbzkdCdPP&fccid=cda7fbe345547874&vjs=3"
37,"Security DevOps Engineer - On-Site in Miami, FL","eMed, LLC","Miami, FL 33132 
(Downtown area)",,"Knowledge of security standards and frameworks.
Conduct security assessments, code reviews, and vulnerability testing to identify security issues and ensure…","Posted
Posted 29 days ago","https://www.indeed.com/rc/clk?jk=26ba940b6ea4b0e3&bb=-MpGhMalZXaLp8phYycCS-7XxR9JBkLrHbjKO_cPB73V7Iges7MSmvR2Yiq0JT_ii9wwpB0-gyZP6EqXd9ErEiL_d2Kiv4DC9C0IBt3oMnGNmuR0JSlzyLnhkeR-gqA7&xkcb=SoBm67M3_Po452RgRh1ObzkdCdPP&fccid=d1deb2bde3dca51e&vjs=3"
38,"Information Security System Engineer","CACI","Sarasota, FL 34240","$65,000 - $136,500 a year","Demonstrated experience with security Network devices (Firewalls and Switcheds).
Familiarity with code quality and code analyzing security tools.","Posted
Posted 30+ days ago","https://www.indeed.com/rc/clk?jk=d32db435670ee3ea&bb=-MpGhMalZXaLp8phYycCS8bVyki7GFxLdJ65rmQB6v5Ogw9nsSDrmJB11qRkCESDo9cbQKvihOc8jAILwC28tp65HdfEp2yK5e2Mb75xxF-KDcTHRO9OSksBHpj39oEz&xkcb=SoCm67M3_Po452RgRh1DbzkdCdPP&fccid=5fca42294cdbc080&vjs=3"
39,"Enterprise Monitoring Engineer","RiseIT Solutions","Orlando, FL","$100,000 a year","Rate: $100K per year + 8% annual bonus + full benefits + full relocation.
We would like to see candidates that have at least 3 years’ experience with the…","Posted
Posted 30+ days ago","https://www.indeed.com/rc/clk?jk=8578b954df5cd862&bb=-MpGhMalZXaLp8phYycCSx4zEm0dx8JzWlCttRZtpdQLR-rHh6cjYFy-pOZbA315oBPJ4Bsd5ipHV-8tHxGWCabI35jW9b4yQqvHEA1j9F6jEGG7jx5AVW4Gge7SvIZo&xkcb=SoCP67M3_Po452RgRh1BbzkdCdPP&fccid=96acd29be6ef49ba&vjs=3"
40,"Cloud Security Engineer - AWS/Azure/GCP (Remote - Delivery Center)","Deloitte","Remote in Boca Raton, FL",,"Building and operating automated security operations.
Excellent communication skills and the ability to partner and collaborate with both engineers and business…","Posted
Posted 30+ days ago","https://www.indeed.com/rc/clk?jk=4bd61cf9a90dbc1a&bb=-MpGhMalZXaLp8phYycCSyRnw3X9qTvzlwU9zNhmwfU0P_jQqLSY9L2EPdl3GBfKH3j-GXcCgwh6WI_aUDu7A7kIE2ZwGtBVUttziGl99I_FXaHa-5d-2Q%3D%3D&xkcb=SoA767M3_Po452RgRh1AbzkdCdPP&fccid=9e215d88a6b33622&vjs=3"
41,"Vulnerability Research and Reverse Engineer (Onsite)","Raytheon","Palm Bay, FL","$64,000 - $128,000 a year","All candidates must be US citizens and be able to obtain and maintain a government security clearance.
The Cybersecurity, Intelligence and Services (CIS)…","Posted
Posted 5 days ago","https://www.indeed.com/rc/clk?jk=df5b9544a52dd077&bb=-MpGhMalZXaLp8phYycCSxndqs2Ng5WLaYysDRjJ28l4MeRH890DjiqNDA4yKu_2JAYDhczA4s6H8TIZDtbnP3RG4cub8mvwhnJ9wBGMpHpvoZ2brfu2oQ%3D%3D&xkcb=SoCc67M3_Po452RgRh1FbzkdCdPP&fccid=aa53b551f9df0210&vjs=3"
42,"Senior Engineer, Cloud Security","Intercontinental Exchange Holdings, Inc.","Jacksonville, FL 32204 
(Brooklyn area)",,"Ensure efficient functioning of data storage and process functions in accordance with company security policies and best practices in cloud security.","Posted
Posted 11 days ago","https://www.indeed.com/rc/clk?jk=2a1cf541fc5315c7&bb=-MpGhMalZXaLp8phYycCS9D9f6Md_biQz8PfBrVt4ZspFnOQ4_1t-cPG3olxlk7IlMWSF3-dyZhlMq0kUF3jKRycpGSl98Smci81dzWZdUujEAGJb6Ow6XXWsvTEvkGS&xkcb=SoAP67M3_Po452RgRh1bbzkdCdPP&fccid=306f81e1483f7d82&vjs=3"
43,"Sr Information Security Systems Engineer","Comtec IT Services","Melbourne, FL 32934","$80 - $83 an hour","Developing security architectures: 8 years (Preferred).
Develop, maintain and publish network security technical documentation in accordance with L3Harris…","Posted
Posted 30+ days ago","https://www.indeed.com/rc/clk?jk=a957f1aa36c52918&bb=-MpGhMalZXaLp8phYycCS-cfrOnJesnOo5o5K5-SA19MAry6sbcMorn3bMv3H5zAcVIh5zt6300Yqg2w9EhLHCDvZefS_qOIjc9dZiQBlX94kFbztfetPI5z2XUXLkUk&xkcb=SoAm67M3_Po452RgRh1ZbzkdCdPP&fccid=afc7687fc76b1a09&cmp=Comtec-IT-Services&ti=Security+Systems+Engineer&vjs=3"
44,"Cloud Security Engineer","City National Bank of Florida","Miami, FL 33131 
(Downtown area)",,"Perform security assessments and audits of cloud environments and identify and remediate any security gaps or vulnerabilities where feasible.","Posted
Posted 30 days ago","https://www.indeed.com/rc/clk?jk=7b0d2c334cc1d420&bb=-MpGhMalZXaLp8phYycCSxndqs2Ng5WLoUH1rXPnRRHnIBlWxYFSgnl7ld9BBIA55pVGWv03_QXIfRy9EzlYOdKFoQoyl2a0GllWH7pan1ByU6p08SGAR1FFkmaeacjQ&xkcb=SoAc67M3_Po452RgRh1fbzkdCdPP&fccid=5524a4d8649d40bd&vjs=3"
45,"Weapons Systems Security Engineer","Axient LLC","Eglin AFB, FL 32542",,"Assists in establishing and maintaining a comprehensive security program as documented in the Program Protection Plan (PPP) plan throughout the system life…","Posted
Posted 22 days ago","https://www.indeed.com/rc/clk?jk=c973373b2578ea4d&bb=-MpGhMalZXaLp8phYycCS0uFAgNYz5cSs7ecwWnVkQYnWA4Y1WJOh9oB4Jaki6HKW7AU3rOYgdzAowXffYheW3CK7fMh_GsRRvkEK_KqR66eFcKcetbdi_vn2c3Y4G6F&xkcb=SoCo67M3_Po452RgRh1ebzkdCdPP&fccid=a86c328d2dc4001d&vjs=3"
46,"Weapons Systems Security Engineer","Axient LLC","Eglin AFB, FL 32542",,"Assists in establishing and maintaining a comprehensive security program as documented in the Program Protection Plan (PPP) plan throughout the system life…","Posted
Posted 22 days ago","https://www.indeed.com/rc/clk?jk=c973373b2578ea4d&bb=QetOGEtHljkVciN2Ar9V7fwJVm6KMZDYOcyidgDrZoqRjgJBJuEt_A75V73ITFdNq9ygXijKRixsA-rg02O-gnoNqMa4_tq1VTJzEjj3AtotBBIgE1Fttcwhb21rgw-5&xkcb=SoAi67M3_Po4TagHzL0LbzkdCdPP&fccid=a86c328d2dc4001d&vjs=3"
47,"Cyber Training Range Engineer","Namauu Technological & Industrial","Hurlburt Field, FL","$85,000 - $140,000 a year","Knowledge of the cyber threat landscape and familiarity with common attack vectors and defense mechanisms.
Creativity and technical writing skills to develop…","Employer
Active 4 days ago","https://www.indeed.com/rc/clk?jk=1fd3bc743b288040&bb=QetOGEtHljkVciN2Ar9V7XibnwflIF-dJq6sSfvsfJ4weMTip9QGkUc9rYh6rJS5SAyvuegIMMt4Yw19d1qwpDJRUjBNfk_w9e07G5rz4Km2w1loLt2uw0frSUexzB3I&xkcb=SoCW67M3_Po4TagHzL0KbzkdCdPP&fccid=6f677b9d402dad3e&cmp=Namauu-Technological-%2526-Industrial&ti=Engineer&vjs=3"
48,"Senior Security Engineer","Pomeroy","Tampa, FL","$100,000 - $130,000 a year","Tasks also include the upkeep, implementation, monitoring, support, and troubleshooting of network/application/endpoint security.","Employer
Active 3 days ago","https://www.indeed.com/rc/clk?jk=6cdab6647414948d&bb=QetOGEtHljkVciN2Ar9V7f7g7HDbKXjGyhjfCJejoOsaenk2N43dBEkPRJgxBe-zhAgOeQi6OMkbeHcNDtVM05kSg9YW_IeK5QhUhUR_5ZcHp9tB710wmthopSIT36NA&xkcb=SoAL67M3_Po4TagHzL0JbzkdCdPP&fccid=9d8cd93c4ce7c8df&cmp=Pomeroy-Technologies&ti=Security+Engineer&vjs=3"
49,"Senior Systems Security Engineer (Hybrid)","Raytheon","Largo, FL 33777","$77,000 - $163,000 a year","Active and transferable U.S. government issued Secret security clearance is required prior to start date.
U.S. citizenship is required, as only U.S. citizens…","Posted
Posted 1 day ago","https://www.indeed.com/rc/clk?jk=33f5ea12380510ce&bb=QetOGEtHljkVciN2Ar9V7SewjIuaaFG3Gt33-cntaPmGEHZisxLQcIQXNjuM0Vu638D8ujLIngYTZJH5wqC_OzMlaQTDTkbcQdCQJXNrDcF7Y6y5S7BsiQ%3D%3D&xkcb=SoC_67M3_Po4TagHzL0IbzkdCdPP&fccid=aa53b551f9df0210&vjs=3"
50,"Cyber Engineer - SME","CACI","Orlando, FL 32828","$85,000 - $178,600 a year","Well versed in DoD cyber security Assessment and Authorizations (A&A) DoD Implementation, Directives, NIST Special Publications and other government cyber…","Posted
Posted 3 days ago","https://www.indeed.com/rc/clk?jk=0513411740e7f786&bb=QetOGEtHljkVciN2Ar9V7Uk4xaT1GCXzF8eM47GtjbdLtLCAj1tv6MXpz9Ie7gdnW2lE4Rt9K9rlfZl46M9ZwZZhe4-G75rqfU9XjEnsEUI-c7VkhkTWyA%3D%3D&xkcb=SoAx67M3_Po4TagHzL0PbzkdCdPP&fccid=5fca42294cdbc080&vjs=3"
51,"Senior Vulnerability and Lethality Engineer","Applied Research Associates, Inc","Niceville, FL 32578",,"US. Citizenship: all applicants selected will be subject to a government security investigation and must be able to acquire and maintain a DoD security…","Posted
Posted 30+ days ago","https://www.indeed.com/rc/clk?jk=92f59951cdf25f6f&bb=QetOGEtHljkVciN2Ar9V7cl9491SVElCbgZVYVJGMkuyU9MhSjKCIVHt7R7TXthbCNTO89mooAgF_4j9uTRcJzW5H_43GRTYlaC2mgwV-rUbrjUAqGEoWkuLs7FCstbr&xkcb=SoCF67M3_Po4TagHzL0ObzkdCdPP&fccid=600e6abd00b4b668&vjs=3"
52,"IT Security Engineer, Full-time","Brooks Rehabilitation","Jacksonville, FL 32216 
(Sans Souci area)",,"Select and acquire additional security solutions or enhancements to existing security solutions to improve overall enterprise security per the enterprise’s…","Posted
Posted 24 days ago","https://www.indeed.com/rc/clk?jk=dc99ad584146024b&bb=QetOGEtHljkVciN2Ar9V7a__6AUI2bGIJ8WUMBE1xtTCBH8ezubAa1YozhI-gtaf2RH_4mRlVmZ6XLvEMA2nBsBDArUszF840pjT8w8iwKP_hNDsBpxVyg%3D%3D&xkcb=SoAY67M3_Po4TagHzL0NbzkdCdPP&fccid=cd23394df408f8ba&vjs=3"
53,"Global Security Engineer, Email Security","Check Point Software Technologies Ltd.","Miami, FL",,"Ability to create an end-to-end security solution for a customer’s environment.
Support of major POC opportunities worldwide, work closely with the Security…","Posted
Posted 8 days ago","https://www.indeed.com/rc/clk?jk=ea7528b415ec603c&bb=QetOGEtHljkVciN2Ar9V7WaeJ0DWYSi3ssU_FSxcuhx_Aj4Pb2GLQR9s63YwCIA760fik9FX2BoeRu8oaWlUSo88i_8lsUkXEkBDqY65e1cdbbUymWuMQud6sy8WrfTf&xkcb=SoCs67M3_Po4TagHzL0MbzkdCdPP&fccid=c1ee211a89cc3f56&vjs=3"
54,"Vulnerability Remediation Engineer - Assistant Vice President","Deutsche Bank","Hybrid work in Jacksonville, FL",,"Understanding of secure coding practices and application security principles.
Relevant experience in vulnerability management, network security, or a related…","Posted
Posted 30+ days ago","https://www.indeed.com/rc/clk?jk=d4220a18401a0c90&bb=QetOGEtHljkVciN2Ar9V7Q5Eh55ETlXH-bUstrqPr_cTUvzK9zgp0WRC20DBMCarQo_0HXT2jnML6GCr_5mxTO5Yditjfiw3RAJe-HxZz8V0NwwI303ycAGjEfBLC4BS&xkcb=SoBF67M3_Po4TagHzL0DbzkdCdPP&fccid=f1d8e147024abb3f&vjs=3"
55,"Security Engineering Manager","Lakeview Loan Servicing","Remote in Coral Gables, FL 33146",,"The Security Engineering Manager will implement a Cybersecurity Engineering practice and lead the overall security engineering team including, threat and…","Posted
Posted 30+ days ago","https://www.indeed.com/rc/clk?jk=0a97e3f3c776aa66&bb=QetOGEtHljkVciN2Ar9V7Sh5UKVE7Gf-Z7W2HlUEhlmfdvaZCaFwJ6zZeTX340jZ9zKWT_Wkrj9eX3l3L8uyXXDkaHGyUFpHcZ8ULx3gMg8br7IzXejKsLtD8pI_YiiJ&xkcb=SoDx67M3_Po4TagHzL0CbzkdCdPP&fccid=dde74e9dcd3c00c2&vjs=3"
56,"Sr. Threat and Vulnerability Management Engineer","Brown & Brown Insurance","Daytona Beach, FL 32114",,"Prepares status reports on security matters to develop security risk analysis scenarios and response procedures.
Knowledge of malware operation and indicators.","Posted
Posted 17 days ago","https://www.indeed.com/rc/clk?jk=11fdcd5239c568e4&bb=QetOGEtHljkVciN2Ar9V7QBBj5G5MZlmUyFC0q1F7b0iyW8aizXCzDIoot8fCnOApLuk3HWoaxOpLBSKn6jHt0JsNOD5p2wQKmWATqX6IQWqk9F-_25Lvjd9tKC-mH84&xkcb=SoBs67M3_Po4TagHzL0BbzkdCdPP&fccid=26f960259f86cb49&vjs=3"
57,"Cybersecurity Engineer","The JAAW Group","Hybrid work in Merritt Island, FL 32953",,"Monitor and analyze security events and incidents, detecting potential security breaches and taking prompt action to investigate and resolve issues.","Posted
Posted 30+ days ago","https://www.indeed.com/rc/clk?jk=e725b414af7346b6&bb=QetOGEtHljkVciN2Ar9V7WZXKh_3AC-y2_8OBgwfQUcBVwX1IWB68cuNAJqF8xspIHP10W5tULJQ5wE2Sq8E58yvAhOvT1RZVFaYfgcJ3xEPoWHUCcf9clIJimNV9uSB&xkcb=SoDY67M3_Po4TagHzL0AbzkdCdPP&fccid=dd616958bd9ddc12&vjs=3"
58,"Information Security Systems Engineer","COMTEC INFORMATION SYSTEMS","Palm Bay, FL",,"Develop, maintain and publish network security technical documentation in accordance with L3Harris Systems Engineering processes.
Expected hours: 40 per week.","Employer
Active 4 days ago","https://www.indeed.com/rc/clk?jk=5718203271a3d597&bb=QetOGEtHljkVciN2Ar9V7d-b26XwaCZSepz3LP3Df4iAXqSm5f9LWsgSmQMd-m-KtGVe_S_Xwl4FLTJBqZ1zDohB2bXlxaUqpQhKPoDNfV4elzh-7dhtaWnTL4qELzFW&xkcb=SoBW67M3_Po4TagHzL0HbzkdCdPP&fccid=6b4f9a73b118c2db&cmp=COMTEC-INFORMATION-SYSTEMS&ti=Security+Systems+Engineer&vjs=3"
59,"Lead Security DevOps Engineer (Virtual) - Cyber/GenAI","S&P Global","Tallahassee, FL 32301","$100,200 - $185,000 a year","5-7 years' experience in cyber security.
Integrate security checks at various stages of the CI/CD pipelines to ensure that security assessments are performed…","Posted
Posted 30+ days ago","https://www.indeed.com/rc/clk?jk=8a20cb1ac435c0da&bb=QetOGEtHljkVciN2Ar9V7RucYJVxG64HEYrGgHSzzYM4ofE2DWtcvgwqheK9Ae0GtzR5jRhCWn6KG9RJqHgr7xbP5nH9eHvWMQwGRcFLh7Ie9mrVsnC1NouOI2vv26hz&xkcb=SoDi67M3_Po4TagHzL0GbzkdCdPP&fccid=b716e44d2c6283e7&vjs=3"
60,"Cloud Security Engineering Manager","BankUnited","Miami Lakes, FL 33016",,"Understand network security policies and introduce and implement security standards and best practices for cloud engineering.","Posted
Posted 24 days ago","https://www.indeed.com/rc/clk?jk=d986aaa5b363a228&bb=QetOGEtHljkVciN2Ar9V7QwS64wW1OCUsQrPGwxraNRkNG2VZmPdtct1BRr5fgPH3OoF5cYON64ob_6utM9v03m4VFElr2JQu5vKw4ebccTflQSbE3-Imw%3D%3D&xkcb=SoB_67M3_Po4TagHzL0FbzkdCdPP&fccid=5500c50eab3ba786&vjs=3"
61,"Cloud Security Engineering Manager","BankUnited","Miami Lakes, FL 33016",,"Understand network security policies and introduce and implement security standards and best practices for cloud engineering.","Posted
Posted 24 days ago","https://www.indeed.com/rc/clk?jk=d986aaa5b363a228&bb=S6AebpWqO8AEM7uA8mUE7Y-WDPBJ6U4OgG6Y-h2J2FDuSGP856jzQhHdv9I4mY99jy3Ynmrjoejn4Q2AfbXGD4AjKhMeLnCDMTf36Ce07iZr0XejpmCxCw%3D%3D&xkcb=SoBi67M3_Po4ObgHzL0LbzkdCdPP&fccid=5500c50eab3ba786&vjs=3"
62,"Sr Engineer, IT Governance & Cybersecurity","Universal Orlando Resort","Orlando, FL",,"Extensive experience with hardware/software security lifecycle including regulations such as PCI, HIPAA, SOX etc.
7+ years relevant experience required.","Posted
Posted 9 days ago","https://www.indeed.com/rc/clk?jk=199b12ee05277fba&bb=S6AebpWqO8AEM7uA8mUE7cgfG2-Lk6XiYdF7tN5IjphECV3xPdx0xs9AjtSGedXZ8LXyXadFS57vhMOYiVJFg-eKhPDNVvkeFrhs0kGMQewPxX37fvD0oO-GijoyyqOM&xkcb=SoDW67M3_Po4ObgHzL0KbzkdCdPP&fccid=8a2e5e25a9623039&vjs=3"
63,"GenAI Lead Application Security Engineer - Remote","S&P Global","Remote in Tallahassee, FL 32301","$116,600 - $200,100 a year","We are looking for a Senior security engineer responsible for development and implementation of security architecture and engineering best practices across S&P…","Posted
Posted 30+ days ago","https://www.indeed.com/rc/clk?jk=a1489a073ded0b2c&bb=S6AebpWqO8AEM7uA8mUE7Zr0TY0zFWICTIrBPH_dbvOocA-euuEOTvq4SL5tBQsGXDjwpFivIfoj0TjvxUndRBBiHEoqOru4Kh1Uj2KC3BFxQ0TW3STRYZEXD5IKEo6h&xkcb=SoBL67M3_Po4ObgHzL0JbzkdCdPP&fccid=b716e44d2c6283e7&vjs=3"
64,"Cloud Security Engineer","Deloitte","Boca Raton, FL",,"Building and operating automated security operations.
Establish security controls to help protect client systems.
Manage migration process of application data.","Posted
Posted 30+ days ago","https://www.indeed.com/rc/clk?jk=c7bf4a9d5f5cebac&bb=S6AebpWqO8AEM7uA8mUE7c-8nuCaeAHZV8U9zK_8739LgWhkIA_DYlFqvD-_l8Ytm5in5PXvWubPjFtg6AVO5p97u94M_LUAben8kvE97OyDKbBDZqnutg%3D%3D&xkcb=SoD_67M3_Po4ObgHzL0IbzkdCdPP&fccid=9e215d88a6b33622&vjs=3"
65,"Medical Device Security Engineer","Nicklaus Children's Hospital","Miami, FL 33155",,"Manages IOT cyber solutions and maintains operational security metrics to measure the effectiveness of security controls and identify opportunities for…","Posted
Posted 2 days ago","https://www.indeed.com/rc/clk?jk=2e66a2b166682092&bb=S6AebpWqO8AEM7uA8mUE7QKYkxI66TWkkdt-edfAwQ013nQEu-gxUV_n0IFJ1tyYCWna-uOOcwnMh4robe6sPJ-JvliRt9kCS8FAGHoYuQnYh1EtCSaBFWE4dIRWDuH4&xkcb=SoBx67M3_Po4ObgHzL0PbzkdCdPP&fccid=ae3fe7fced0b0ace&vjs=3"
66,"Sr. Cyber Integration Engineer","Deepwatch","Remote in Tampa, FL",,"Ensure integrations meet performance, reliability, and security standards.
Provide technical guidance and mentorship to junior integration engineers, fostering…","Posted
Posted 30+ days ago","https://www.indeed.com/rc/clk?jk=897e26ccd44ba3fb&bb=S6AebpWqO8AEM7uA8mUE7WejXJmGWBttnBXxviUxcCQQR9oBMLTq1zHzGQ5AD3itngpPFaCTdbm-qHd3fZ3Yp1vAddrlfPJa-iiBCs5zwIKo-rmAHybkYq23HpOaOt1o&xkcb=SoDF67M3_Po4ObgHzL0ObzkdCdPP&fccid=00c7b964396bad1f&vjs=3"
67,"Systems Security Engineer (Hybrid)","Raytheon","Largo, FL 33777","$64,000 - $128,000 a year","Active and transferable U.S. government issued Secret security clearance is required prior to start date.
U.S. citizenship is required, as only U.S. citizens…","Posted
Posted 1 day ago","https://www.indeed.com/rc/clk?jk=78bbcc9f438b14ae&bb=S6AebpWqO8AEM7uA8mUE7duycoHX4AvC4Ea3L0i5U8t4D-juHruN8YmhX2p9pcQU4zIoaOPgvf_pHLdykGC0nqn3M51VVzRlrN8bmKNIANh-MsfYkIYT8w%3D%3D&xkcb=SoBY67M3_Po4ObgHzL0NbzkdCdPP&fccid=aa53b551f9df0210&vjs=3"
68,"Senior Detection Engineer","Deepwatch","Remote in Tampa, FL",,"Ability to mentor other detection engineers.
Understanding of general enterprise network architecture and security incident response.","Posted
Posted 30+ days ago","https://www.indeed.com/rc/clk?jk=dde980cf5c729915&bb=S6AebpWqO8AEM7uA8mUE7b7kIlrcL4Mw0WRpI7scFvcHA1EqBBIgsRZVeToHF-xUqWLhnjwgSWhGNJUNaPkMP0Mk6JmVkowcmhJbNP61Z_syteXiokQmTwFIkrOJ40uC&xkcb=SoDs67M3_Po4ObgHzL0MbzkdCdPP&fccid=00c7b964396bad1f&vjs=3"
69,"Vulnerability Researcher /Reverse Engineer /Dev (Onsite)","Raytheon","Saint Petersburg, FL 33710 
(Azalea Homes area)","$77,000 - $163,000 a year","All candidates must be US citizens and be able to obtain and maintain a government security clearance.
The Cybersecurity, Intelligence and Services (CIS)…","Posted
Posted 6 days ago","https://www.indeed.com/rc/clk?jk=23acd7c48fa8a4aa&bb=S6AebpWqO8AEM7uA8mUE7Wj_Dy97a93zOyeDl60tW1gxcjrvrdObjSgp3GoYQSIig9ZCXBZyIfZV7HbZopBBFVcSboTCG0e3kBZYcbNe1Bymr8FCWQiTuw%3D%3D&xkcb=SoAF67M3_Po4ObgHzL0DbzkdCdPP&fccid=aa53b551f9df0210&vjs=3"
70,"Cloud Security Engineer","Fabergent","Miami, FL",,"Technical knowledge in security engineering, system and network security, authentication and security protocols, cryptography, and application security.","Posted
Posted 30+ days ago","https://www.indeed.com/rc/clk?jk=311eaad8b2d00e80&bb=S6AebpWqO8AEM7uA8mUE7ZCFr-nEEcFzaatuIaRc-XpuqWdpmiwe2hq4WPvkFAFyeSbS_fTveN-M5Nw8agqyIyL2wp-fC13O5rlXiysDZ7OU7_V4Ar81N7avdj8_JZ8E&xkcb=SoCx67M3_Po4ObgHzL0CbzkdCdPP&fccid=8c80ee8966f60d1c&vjs=3"
71,"Lead, Information Security Systems Engineer (ISSE)","L3Harris Technologies","Melbourne, FL",,"Experience developing network security architectures.
Lead Security Systems Engineering efforts on new business pursuits responsible for developing network…","Posted
Posted 1 day ago","https://www.indeed.com/rc/clk?jk=6013018e623e91f8&bb=S6AebpWqO8AEM7uA8mUE7bDUjUaJSXFAOlmst2uffV4onviaaY1ZhoCKnJguilKmQpWY9kophuzIVYqi4UK5EbuZH8m3flgKD635Wr8PZASNhZlFWVShB0VDq0VCTb9x&xkcb=SoAs67M3_Po4ObgHzL0BbzkdCdPP&fccid=6c6be4ac01722b08&vjs=3"
72,"System Administrator","Ouverture Consulting Services, LLC dba Black Rock...","Cape Canaveral, FL",,"Knowledge of data communications protocols (TCP/IP); principles and practices of security implementation in the areas of data communications and information…","Employer
Active 3 days ago","https://www.indeed.com/rc/clk?jk=0bb64b4e09fbed94&bb=S6AebpWqO8AEM7uA8mUE7QBeTpr3IjaLcQ-ZZVqikR2whTl5wpsjWQbxxb6bAhLcNMbgCK17zEdk4FKGmWDKRbi_uQUZCnIUbaMHTQ3TyJ5MYAZZ8fNklX7ooznMTSW-&xkcb=SoCY67M3_Po4ObgHzL0AbzkdCdPP&fccid=47b63b62879570d2&cmp=Ouverture-Consulting-Services%2C-LLC&ti=Systems+Administrator&vjs=3"
73,"Network/Cyber Security Engineers","Thinksoft Technologies","Lutz, FL 33558",,"Work with network security tools & designing tools like as Microsoft Visio, Cisco Prime, Splunk, Alian-Vault, Network Management Tools, ASDM, FMC, Palo Alto GUI…","Posted
Posted 30+ days ago","https://www.indeed.com/rc/clk?jk=218ae037046d7f0e&bb=S6AebpWqO8AEM7uA8mUE7Ty0uuOFkuxBdMeh1nHWtB6egg2sg0nNy-yBXtuz74Vc2S3AWMPqYUnfvZRR0yiNbnebMFqZmHiT9Tss4G76Cr6N1NM8wALwei1XuQ4tPnHB&xkcb=SoAW67M3_Po4ObgHzL0HbzkdCdPP&fccid=6da457b6598a10bc&vjs=3"
74,"Electronic Warfare, Systems Engineering Specialist (Active Secret Security Clearance)","L3Harris Technologies","Palm Bay, FL",,"For 60 years, customers have turned to L3Harris capabilities in Electronic Warfare (EW) to dominate the electromagnetic spectrum.","Posted
Posted 11 days ago","https://www.indeed.com/rc/clk?jk=a929f618fa09314f&bb=S6AebpWqO8AEM7uA8mUE7Zr0TY0zFWICM6jT96JKSr7HjceqGuLV3co20zaoabexjQf5ile7OMLLA9HSDVQv23ja5450LYV5fAqkBSfp4ABw0xrShF3AQMEu0BQ6JPd1&xkcb=SoCi67M3_Po4ObgHzL0GbzkdCdPP&fccid=6c6be4ac01722b08&vjs=3"
75,"Senior Cybersecurity Engineer","Oshkosh Corporation","Orlando, FL",,"Advocate for cyber risk mitigation during planning sessions and implementational of new services.
Contribute to the development and maintenance of the…","Posted
Posted 30+ days ago","https://www.indeed.com/rc/clk?jk=8ea767fe1a0b8b5a&bb=S6AebpWqO8AEM7uA8mUE7TP5dVcKSYj_UHzIcIFbbdEW8hVwQfm4tPPQ6uwTDKo0uvk7kzdisI4giOam_Iq5bG41LjA0_mtbEbPZfZnFHzopD2O7LNK7Hg%3D%3D&xkcb=SoA_67M3_Po4ObgHzL0FbzkdCdPP&fccid=e403cfd8a9888a1c&vjs=3"
76,"IAM Engineer","InvestCloud, Inc.","Tampa, FL 33609 
(Carver City area)","$110,000 - $140,000 a year","Enforce strong authentication mechanisms, multi-factor authentication (MFA), and adaptive access controls to mitigate security risks and prevent unauthorized…","Employer
Active 12 days ago","https://www.indeed.com/rc/clk?jk=8f4d088630235ac0&bb=WKWOyuBx51mTnluckOTabqSDCk2nrfpks1L_NBhkb-ZOvuTo3GvqU_5Lb7ZGzGodZaHwvbWkMzcv4HebLZXg7E1R1fwjjfJMGTMfxumGCxXgPLbMHpFn2_nDae4bzSyf&xkcb=SoDL67M3_Po39og0zD0LbzkdCdPP&fccid=a51c8ec893395a61&vjs=3"
77,"Security Engineer - Penetration Testing","FDC Associates","Jupiter, FL 33458",,"Our security professionals are experienced, well-trained and have a comprehensive understanding of technology security issues.","Posted
Posted 30+ days ago","https://www.indeed.com/rc/clk?jk=2184c0091832182b&bb=WKWOyuBx51mTnluckOTabusV_XXqK0xQd0_-hAP24aSsQBkEB7rJB_HSXa9agkcv-K4G78__XImzGJlnQj8QBp9wJYcsKWl0KYPrTWfq0WqVXkR8HacaRSb8WoQ7idm-&xkcb=SoB_67M3_Po39og0zD0KbzkdCdPP&fccid=d3b2e6e980b22527&vjs=3"
78,"Vulnerability Research & Reverse Engineer (Onsite)","Raytheon","Palm Bay, FL","$96,000 - $200,000 a year","Quick reaction cyber capability and effects development.
Oversee technical execution of teams up to 10 multi-disciplined engineers.","Posted
Posted 30+ days ago","https://www.indeed.com/rc/clk?jk=1ffadb427d9cb89a&bb=WKWOyuBx51mTnluckOTabicQDrcv23U0Qiuxt1uDZmLgZk_HgRToeCNyERj6xIusONdxSEnJ7Qcef-Q_p-OKhICSuvCB0rDUubT0ZIdEB2dTh9kPmdvgoQ%3D%3D&xkcb=SoDi67M3_Po39og0zD0JbzkdCdPP&fccid=aa53b551f9df0210&vjs=3"
79,"Information Systems Security Engineer (ISSE)","Applied Research Associates, Inc","Niceville, FL 32578",,"Develop IT security, design, and enhancement policy.
Generate solutions and supporting artifacts for implementation of security or functionality requirements.","Posted
Posted 30+ days ago","https://www.indeed.com/rc/clk?jk=5c9bb87a7173e1ab&bb=WKWOyuBx51mTnluckOTabkUDeroZF5zP8fNCBIRLWmI1FbFZHaT-QyhIyXsXXaf8aJa4z6ZNeyST8U2EbD_-KWCuYJsygDV_7KeRivqLd9NvJwznJ5KP0jSuxzsWMfkJ&xkcb=SoBW67M3_Po39og0zD0IbzkdCdPP&fccid=600e6abd00b4b668&vjs=3"
80,"Senior Cyber Security Engineer - Experience & Requirements: ServiceNow/AWS Security Hub/Guard Duty/SAFe/CISSP/ISSEP/CEH/GREM/ArcSight","Argo Cyber Systems","Pensacola, FL 32503",,"Support the configuration and administration of cyber security tools and systems.
Experience with commercial cyber tools and technologies.","Posted
Posted 30+ days ago","https://www.indeed.com/rc/clk?jk=a8b916d14988f05e&bb=WKWOyuBx51mTnluckOTabkUDeroZF5zPDbNcnHgXc-wC3NI5XMh6hchCdMA5WWNf5dQscGuPOa5WylTS4UBCQnvzCRPh-Meho1bI1HuNLgrquroErfIT2ajCD9ThFXu8&xkcb=SoDY67M3_Po39og0zD0PbzkdCdPP&fccid=dd616958bd9ddc12&vjs=3"
81,"Network Engineer (Mid)","ISPA Technology","Panama City Beach, FL 32408",,"Collaborate with cybersecurity teams to align network security measures with overall security policies and regulations.
Competitive salary and benefits package.","Posted
Posted 30+ days ago","https://www.indeed.com/rc/clk?jk=5a47b7dd54f23fdb&bb=WKWOyuBx51mTnluckOTabnw3j_-3_So4u41LxOjAptlyrI7E8arSuRxfnlRSDtrsYC7Q-f8yzxhEAzyak7g0bcdCAOm1RsQ8WicffzG1fPNQU0i_Lc34U4kBK26xoY_y&xkcb=SoBs67M3_Po39og0zD0ObzkdCdPP&fccid=1c7ed79af7baa631&vjs=3"
82,"Cybersecurity Engineer","Dark Wolf Solutions","Hybrid work in Cape Canaveral, FL",,"Previous experience providing training in RMF or explaining cyber security concepts to others in a training like environment.
3+ years of relevant experience.","Posted
Posted 30+ days ago","https://www.indeed.com/rc/clk?jk=f4960a70e543ad73&bb=WKWOyuBx51mTnluckOTabt1IwnOa4G1PyftrFoMCx9EG-8y0L93EFe1egxl_ZTffuYPSJ6fWwcOBzxf7QSp6PXgmCZ-xPp78PBUYeLP4Q_bTyYw7h_PCQoWMYxux_ZGw&xkcb=SoDx67M3_Po39og0zD0NbzkdCdPP&fccid=06ae465446de20ec&vjs=3"
83,"IT Security Analyst – Data Protection & Loss Prevention Engineer","Starr Companies","Destin, FL",,"Provide expert advice on data security best practices, emerging threats, and preventive measures.
Excellent analytical and problem-solving skills, with the…","Posted
Posted 30+ days ago","https://www.indeed.com/rc/clk?jk=d445d5d79c1c1edb&bb=WKWOyuBx51mTnluckOTabiREBxZY23EDG0LLtThuBa1qRgfMaNlOutKq3MqCNry0blMXbmi515dP_lBH5BRc9Q86WaW3xu41wyroegIr1C5rLv1DeCCr3gF6MU6O51eA&xkcb=SoBF67M3_Po39og0zD0MbzkdCdPP&fccid=a64031f02900a058&vjs=3"
84,"Cyber Enterprise Quality Engineer - VP","BNY Mellon","Lake Mary, FL",,"Minimum 8 years of experience in information security or related technology experience required, experience in the securities or financial services industry is…","Posted
Posted 26 days ago","https://www.indeed.com/rc/clk?jk=cff207dafa182733&bb=WKWOyuBx51mTnluckOTabpanuFEs7wzXqOvCRZ-oG_Ef0DoaNhRH4pF6v8KIOSszdsTQ5rcm-LY72CDKorclzNlVfRhtpv2TzpG0uCBtLNpJ-MmqSonFXg%3D%3D&xkcb=SoCs67M3_Po39og0zD0DbzkdCdPP&fccid=b4048be2884af072&vjs=3"
85,"Cybersecurity Engineer - TRU Simulation Training, Inc.","Textron","Lutz, FL 33548",,"Conducts assessments of existing IT architecture for compliance with security requirements from application security frameworks.
Bachelor’s degree required in:","Posted
Posted 9 days ago","https://www.indeed.com/rc/clk?jk=bc498c05832de6c8&bb=WKWOyuBx51mTnluckOTaboPxj61CwNCPR4k6S5xz_uRDVxjHXOMdI5e1LEKN-Y1qbVBiaPrLEtfUqRDXH2-c7Q7tihso7899NKTGHV1Fb2levtY6lrFx-g%3D%3D&xkcb=SoAY67M3_Po39og0zD0CbzkdCdPP&fccid=be0fe44f2a1c36c4&vjs=3"
86,"Cloud Security Engineer","Regions","Remote in Salt Lake City, UT 84101",,"Partners with other security engineers and other Cybersecurity staff to oversee code releases.
Participates in security incident response activities and post…","Posted
Posted 30+ days ago","https://www.indeed.com/rc/clk?jk=0d4b1a57b6121ba9&bb=WKWOyuBx51mTnluckOTabmcpKM7_s0U5b4cjruS89Km5i_EdmOpaMfUJGVy3vWacN7loHoprVr2ODZVMWD3n-AP2DBDi_90aEqK51XyaAThBrOyBjPG382hdfRF0CgCp&xkcb=SoCF67M3_Po39og0zD0BbzkdCdPP&fccid=14b6efc0812e707a&vjs=3"
87,"Engineer - Network Security (Unified SASE, Fortinet, Southeast Region)","DGR Systems LLC","Remote in Tampa, FL","$60,000 - $100,000 a year","Engage in peer review sessions to aid fellow engineers in optimizing the quality of their deliverables.
In-depth understanding of network engineering, security …","Employer
Active 7 days ago","https://www.indeed.com/rc/clk?jk=698f7d5a93abcb6e&bb=WKWOyuBx51mTnluckOTabujbZNuCH8J8m5g6j9S2VmAuoiLG5Asfj-w_aXd2XDhZW8nJmrKJmreqlAm2sToiLMZzxsZUyFzB6EQxAOB6m9gLhbfw7OHTWwJL4TYXiMEG&xkcb=SoAx67M3_Po39og0zD0AbzkdCdPP&fccid=e247b59a6b991fb8&vjs=3"
88,"Senior IT Security Engineer","Mount Sinai Medical Center - Florida","Hybrid work in Miami Beach, FL 33140","$85,000 - $105,000 a year","2-5 of experience as a security engineer.
*Industry certifications: Certified Information Systems Security professional (CISSP), CISA, Certified Ethical Hacker …","Employer
Active 4 days ago","https://www.indeed.com/rc/clk?jk=4fc7a562b7404119&bb=WKWOyuBx51mTnluckOTaboATYdSeEWOEnx-oB-VCi0bc9L-hRPgssn8XWFkaROl2EtRyjGH6YglBfx2Oa-G6DV74y9PXaz4RSQ7xFiE_kfCpzH-jVsFCbGDvfIqeTUGz&xkcb=SoC_67M3_Po39og0zD0HbzkdCdPP&fccid=3d022164dba1c289&vjs=3"
89,"Security Solutions Engineer","Allied Universal® Technology Services","Pensacola, FL 32503",,"5+ years experience in Electronic security systems design / engineering.
Ability to collaborate with diverse teams of technical designers and engineers.","Posted
Posted 25 days ago","https://www.indeed.com/rc/clk?jk=62df74b6d3762469&bb=WKWOyuBx51mTnluckOTabg-LzZXS1_l4e2UocU_hqoLVs8hxgECjku1MegvGDKfD0K9LVrVcxF5h3Bz8tjwFYGO_2mG6jnlpiCOHDL1fODkUOpbEadqxr_rk9hiGW-9W&xkcb=SoAL67M3_Po39og0zD0GbzkdCdPP&fccid=70d30d072524a2de&vjs=3"
90,"Firewall Engineer","Northern Technologies Group","Tampa, FL","$80,000 - $85,000 a year","Troubleshoot and resolve complex network security issues.
5 to 10 years of experience in firewall administration and network security.","Posted
Posted 30+ days ago","https://www.indeed.com/rc/clk?jk=cadee6d3a44c7962&bb=WKWOyuBx51mTnluckOTabiREBxZY23ED3L0j33gxNfctsFtwnpHxfQFNQw7ajoaVRqAd0OiHwJHhQAP-oZI-G9YRp-fFxcGqc95-QB209R9vIRJCPhmvbJ4lsgayfyo8&xkcb=SoCW67M3_Po39og0zD0FbzkdCdPP&fccid=6378da01bf80bbc1&cmp=Northern-Technologies-Group&ti=Firewall+Engineer&vjs=3"
91,"Application Security Engineer","City National Bank of Florida","Miami, FL 33131 
(Downtown area)",,"Stay informed about the latest security threats and recommending security enhancements.
Collaborate with cross-functional teams to prioritize and mitigate…","Posted
Posted 30+ days ago","https://www.indeed.com/rc/clk?jk=4505dbe854ba1691&bb=pC55dD5P6-F0J-hdEZ0_VKMbfg0u26p2xbQs0o1iNbHXhhaJ1BQsuAXip0Osec7k7IU6Q1u10nWcSDAO9_qdwDDbVuxEHT5M8-LHbcCK8m6g0CazkY5oy2ONXvAdTpMf&xkcb=SoDX67M3_Po3oQg0zD0LbzkdCdPP&fccid=5524a4d8649d40bd&vjs=3"
92,"Senior Cybersecurity Engineer","Wabtec","Jacksonville, FL",,"CISP (Certified Information security Professional).
Drive and support an authoritative technical consultation process on product cybersecurity across Wabtec’s…","Posted
Posted 30+ days ago","https://www.indeed.com/rc/clk?jk=5bcffa8951224051&bb=pC55dD5P6-F0J-hdEZ0_VGZY7msOd8kleK5QuXLFST5QgDjAunSn-9GYcAbCUqgspWGdUkiTGqgWkucR6AOrb8QBfZDibYn1Pd2TD0flZXDBUR-M1lTMj65eBytCMuo4&xkcb=SoBj67M3_Po3oQg0zD0KbzkdCdPP&fccid=4f4e9de46f588f62&vjs=3"
93,"Sales Engineer- Cybersecurity","ConnectWise","Tampa, FL",,"The Sales Engineer Cybersecurity is responsible for assessing the potential application of products or services and offers solutions that meet customer needs.","Posted
Posted 25 days ago","https://www.indeed.com/rc/clk?jk=3be3920e6371ac13&bb=pC55dD5P6-F0J-hdEZ0_VDTQEOo1e2areDEo62N_0mCMXZfzYN4qFnR-LNtnmLfTXqi5GrDYKV_CgxQmo2V2qaPQfZKaUn3wU3btGi_YM8e-HswhG7EcMZYPH3-9H6zV&xkcb=SoD-67M3_Po3oQg0zD0JbzkdCdPP&fccid=737f3df5ff7c7739&vjs=3"
94,"Sr Cyber Network Security Engineer","Trova","Hybrid work in Orlando, FL",,"Expert level experience in the technical design and implementation of perimeter and Cloud security technologies.","Posted
Posted 30+ days ago","https://www.indeed.com/rc/clk?jk=70a646fbdfc5c1d0&bb=pC55dD5P6-F0J-hdEZ0_VMWZup8KUWbwIu_YKtFeX9gNyKTmbks0fc3VPVMKMjbegxfhyMlfEMd0R2yr1fnrbU5nDvyBJqmTj-rNDpmDAH9Yt6IWSIwdzUBdDGkUdiV_&xkcb=SoBK67M3_Po3oQg0zD0IbzkdCdPP&fccid=57720de0e731c9d1&vjs=3"
95,"Software Engineer - Big Data","KBR","Niceville, FL 32578",,"The Software Engineer must have the ability to work closely with other engineers to develop the best technical design and approach for new product development.","Posted
Posted 22 days ago","https://www.indeed.com/rc/clk?jk=49d422272a72fff7&bb=pC55dD5P6-F0J-hdEZ0_VLB73_k6_fiGbb63G-3Jgacq1ov6DcaDmVzGTwBz9SCowsV5snX3YmmuIRIHlqLEuHI4NfPSApP_16TxBoDUdroqRwW3jH5VlQ%3D%3D&xkcb=SoDE67M3_Po3oQg0zD0PbzkdCdPP&fccid=cbfa56f19cc95796&vjs=3"
96,"Sr. Infrastructure Engineer, Platform Ops - Linux/Ubuntu, Palo Alto Firewalls, CCNA (R/S) and CCNP","Presidio Networked Solutions, Inc.","Orlando, FL 32839",,"Strong expertise in Cisco networking and network security practices.
Monitor network performance and conduct regular system tests to ensure security.","Employer
Active 8 days ago","https://www.indeed.com/rc/clk?jk=9d84001cf307ac0f&bb=pC55dD5P6-F0J-hdEZ0_VNMBS3ZxEtviyV6MLJuYBmbq2GHeKAkzU49iufDnWSg26gE0ci2aH_fSP7gl3eZrfh4usxUQy430qFm9L7OIvBdyGHLdxEfykZclfFFb7fFP&xkcb=SoBw67M3_Po3oQg0zD0ObzkdCdPP&fccid=6980f95d3cb6df18&vjs=3"
97,"Senior CyberArk Infrastructure Security Engineer","Fisher Investments","Hybrid work in Tampa, FL",,"Understand risk and make recommendations for enhancing systems security and processes.
Guide privileged access management programs to improve our broader…","Posted
Posted 23 days ago","https://www.indeed.com/rc/clk?jk=3547c0c2476a52ec&bb=pC55dD5P6-F0J-hdEZ0_VBQ7ULq2z2zTTyDLvYLiAfPH_yUlEG2Y-5XMndRT61L-cg-yBdezgYyushk6LH97ZrozVPzTBoOQKZT6t0F-GhKNrtYJD7DYhQ%3D%3D&xkcb=SoDt67M3_Po3oQg0zD0NbzkdCdPP&fccid=bca5300dac46237f&vjs=3"
98,"NOC Security Engineer","5i solutions","Orlando, FL",,"Strong understanding and practical use of web security gateways, perimeter security, network access controls, endpoint security (AV, IDS/IPS (UTM), DLP, Malware…","Posted
Posted 30+ days ago","https://www.indeed.com/rc/clk?jk=4330e809dbd024f4&bb=pC55dD5P6-F0J-hdEZ0_VASpITgTzpFzNgnAbO8qIkVvMyRpfdpiIR6Z7rDcqHe5s0NRzd41aOTbj1N6MYLy4ZN3RkRwatsZzixVMa3JYW7Z9Rsd_6b9TMFckxRA_-Qo&xkcb=SoBZ67M3_Po3oQg0zD0MbzkdCdPP&fccid=3214f16d8805aaa1&vjs=3"
99,"Senior Engineer - Network Security (Secure Application Delivery, Southeast)","DGR Systems LLC","Remote in Tampa, FL","$80,000 - $120,000 a year","Engage in peer review sessions to aid fellow engineers in optimizing the quality of their deliverables.
In-depth understanding of network engineering, security …","Employer
Active 3 days ago","https://www.indeed.com/rc/clk?jk=c023224c18bca53f&bb=pC55dD5P6-F0J-hdEZ0_VD8sgj1n8fFwa_xrJa798FPJfWmt50D36hA9R-b_Q42w5LdiouLv3ZnE7-f8q8cHKXfcGMmhoKxsGV1EENgOylp1Vy2YxttKNOja2J0H1TX4&xkcb=SoCw67M3_Po3oQg0zD0DbzkdCdPP&fccid=e247b59a6b991fb8&vjs=3"
100,"Security Engineer","5i solutions","Orlando, FL",,"5i is in search of a qualified Network Security Engineer, who enjoys security work and possesses expertise (depth and breadth) knowledge in the security space.","Posted
Posted 30+ days ago","https://www.indeed.com/rc/clk?jk=405190e397a4765d&bb=pC55dD5P6-F0J-hdEZ0_VIBj3u9UJlHS0sxAlZ5cV6MQeYeWOeTkoI4-dkh6Z1as-RYqeR6I-2bh73SL6r7bNHAkBejf5W8iKGOG7LCU6ByzH9e95gf9dndgmA0EB-Qw&xkcb=SoAE67M3_Po3oQg0zD0CbzkdCdPP&fccid=3214f16d8805aaa1&vjs=3"
101,"Lead Security Engineer","JPMorgan Chase & Co","Tampa, FL 33610",,"Minimizes security vulnerabilities by following industry insights and governmental regulations to continuously evolve security protocols, including creating…","Posted
Posted 30+ days ago","https://www.indeed.com/rc/clk?jk=9fd00a0a401556fb&bb=pC55dD5P6-F0J-hdEZ0_VGU_vDTzHo5IO-IJ-hj1tT5XP6y1rzgnoR7E0jRvRqH86TNI-dvefP-qEfUF5MgSExtSs-fDh6m5TtBYONZl6fckp5EaghugJg%3D%3D&xkcb=SoCZ67M3_Po3oQg0zD0BbzkdCdPP&fccid=c46d0116f6e69eae&vjs=3"
102,"Cyber Network Defens e Analyst","V3Main Technologies Inc.","Tampa, FL",,"Knowledge with application and network security.
Utilize formal network security monitoring policies and procedures that include the appropriate use of DoD…","Posted
Posted 30+ days ago","https://www.indeed.com/rc/clk?jk=c8657f9bd9d92387&bb=pC55dD5P6-F0J-hdEZ0_VDkMWOwgr2gARtbaTuU81OgoyOgApOktv8Z4Gh_ndDGhsK7s7fpfGMC55BgqSdjJ8MvprsiQKGGz4MaHbJwzvWfZKvSJlgszAZygHnhibz4B&xkcb=SoAt67M3_Po3oQg0zD0AbzkdCdPP&fccid=c2cf8c6c92c1e6ef&vjs=3"
103,"Jr Network Engineer","INflow Federal","Pensacola, FL",,"This network includes Cisco, Aruba, Brocade, Juniper, Riverbed and McAfee network devices to include Routers, Switches, Access Points, Intrusion Prevention…","Posted
Posted 23 days ago","https://www.indeed.com/rc/clk?jk=1e932cde3478fbbc&bb=pC55dD5P6-F0J-hdEZ0_VD8sgj1n8fFwTu1iVxfK3yujfg_8XAlgF586qnSABiC5dgXr6PsHygDkiY8IMEnmHVNt6kPp8se6XIxZLS1H8eoUCr61SErzKI_i2VnIK1Wu&xkcb=SoCj67M3_Po3oQg0zD0HbzkdCdPP&fccid=05ad1ad310669ab9&vjs=3"
104,"Principal Engineer Software - Cloud & Applications","Northrop Grumman","Melbourne, FL","$92,600 - $115,800 a year","Collaborate with systems engineers, hardware designers and integration/test engineers to develop and maintain complex software systems.","Posted
Posted 30 days ago","https://www.indeed.com/rc/clk?jk=a0281593306065da&bb=pC55dD5P6-F0J-hdEZ0_VNvNgMnojgb_DiparP_xlkFv1vRehdDXMSppo_5RhvZOmBP-kd5j_0LvjW4n7JHUaOmvCsNRS8DqiCNfvhrZB8toWFBdU022mg%3D%3D&xkcb=SoAX67M3_Po3oQg0zD0GbzkdCdPP&fccid=11619ce0d3c2c733&vjs=3"
105,"Security Engineer","GLOTECH, Inc.","Orlando, FL",,"Architect and engineer new IT security solutions and services to continually mature the risk posture of the organization.","Posted
Posted 30+ days ago","https://www.indeed.com/rc/clk?jk=9059586fcb240255&bb=pC55dD5P6-F0J-hdEZ0_VNG1tHIqVlCXdp-3dP-VPzdprdkd2mOBoM2uE69GgbdN3o2t_duJtjTc7rrFY7Y3pnT62F4OBUFL5Kznp5sNW-h61Am4OIBN4af61bHXxNDO&xkcb=SoCK67M3_Po3oQg0zD0FbzkdCdPP&fccid=705d3d232f9ebfbf&vjs=3"
106,"Principal Engineer Software - Cloud & Applications","Northrop Grumman","Melbourne, FL","$92,600 - $115,800 a year","Collaborate with systems engineers, hardware designers and integration/test engineers to develop and maintain complex software systems.","Posted
Posted 30 days ago","https://www.indeed.com/rc/clk?jk=a0281593306065da&bb=xmBCfNe9FIHcOqa2K-Y4o-bk8LCllWCaILHDh6XA0h5TiWpOoyq26XOkZ1vsA3S8FX3hlQnVvKg_x1HwQ5y-BGDtYEhKw887P7-EI4H-ZnZC3-S8b8oMwg%3D%3D&xkcb=SoCX67M3_Po3GBwnAB0IbzkdCdPP&fccid=11619ce0d3c2c733&vjs=3"
107,"Security Engineer","GLOTECH, Inc.","Orlando, FL",,"Architect and engineer new IT security solutions and services to continually mature the risk posture of the organization.","Posted
Posted 30+ days ago","https://www.indeed.com/rc/clk?jk=9059586fcb240255&bb=xmBCfNe9FIHcOqa2K-Y4owU3IbA0tgUBQq-qnmK8TpIpg_Err1vEdZkSKskbPgWLboETUp6aDjFgorJ-X87HG9a_jjq9xUzMPB_2M-NZIGX7K5EZQUpTm3IjHo5Lp7rv&xkcb=SoAZ67M3_Po3GBwnAB0PbzkdCdPP&fccid=705d3d232f9ebfbf&vjs=3"
108,"Senior Engineer - Network Security (Unified SASE, Fortinet, Southeast Region)","DGR Systems LLC","Remote in Tampa, FL","$80,000 - $120,000 a year","Engage in peer review sessions to aid fellow engineers in optimizing the quality of their deliverables.
In-depth understanding of network engineering, security …","Employer
Active 9 days ago","https://www.indeed.com/rc/clk?jk=22e795b66eadac7f&bb=xmBCfNe9FIHcOqa2K-Y4o5PHEV-qFZifooFBs8BqyfEqZKxsCF1G5UoPXt-X7Husf9j9WpZW2c_F1w-gGbClNC0FftPV8Pv8RqUh6mOY9b__yvEmoQuONDhe8TFdnjry&xkcb=SoCt67M3_Po3GBwnAB0ObzkdCdPP&fccid=e247b59a6b991fb8&vjs=3"
109,"IT Network/ System Engineer","Hubbard Construction Company","Winter Park, FL",,"Perform server and security audits, and system backups and recovery.
Experience with network capacity planning, network security principles, and general network…","Posted
Posted 12 days ago","https://www.indeed.com/rc/clk?jk=353aeea6c6798166&bb=xmBCfNe9FIHcOqa2K-Y4o_LJvCtcGoHBMxhbcDO3RtCg2WA0qW4oQvc219GY_klw2BJXFcLcQaFopc_7Nua00DWtmY8i0vZlr2N23IrrK6VZKLB3xXL1gwzuwSui3WOA&xkcb=SoAw67M3_Po3GBwnAB0NbzkdCdPP&fccid=d9b97698aa14f53e&vjs=3"
110,"Infrastructure Network Engineer","Zenith Insurance Company","Sarasota, FL 34236",,"Create/maintain relevant system standards for networking and security infrastructure components.
Ability to contribute to designing, implementing and…","Posted
Posted 30+ days ago","https://www.indeed.com/rc/clk?jk=aa6d73f96497892c&bb=xmBCfNe9FIHcOqa2K-Y4o8tJ96s2w_Q8eNdzI6CLYJsoTIm9LmM3-B2X8uJChhQHgnlcF0vZH5ENrLV2uo4Pgn12DdRW1kMQiUj2R-PGSHbD6DdT61LeQA%3D%3D&xkcb=SoCE67M3_Po3GBwnAB0MbzkdCdPP&fccid=957025aec3d393cd&vjs=3"
111,"Information Security Assurance Engineer (ISSE)","Castalia Systems, LLC","Tampa, FL",,"In this role, you will be responsible for ensuring that the systems security meets all DoD/JCSE requirements and design, facilitating system assessments,…","Posted
Posted 30+ days ago","https://www.indeed.com/rc/clk?jk=c19602eac853fc1b&bb=xmBCfNe9FIHcOqa2K-Y4owHdUmak0AwSo3KbSEe4cAdFidywK16_MRniQYzfwxe_Z4t-clPUDNMEL-1jqw9zBi6gPZRue0Zc2bXFtQE4opDI_Vj3vkoF-HgU1MyojWSO&xkcb=SoBt67M3_Po3GBwnAB0DbzkdCdPP&fccid=34a7773705c9403e&vjs=3"
112,"Mainframe Security Engineer","BNY Mellon","Lake Mary, FL",,"Improving security setup for existing products and engineering security solutions/setup for new products.
Support mainframe security environment (Focusing on…","Posted
Posted 30+ days ago","https://www.indeed.com/rc/clk?jk=d3a19a23603d5f16&bb=xmBCfNe9FIHcOqa2K-Y4oxaFDulxd3SRZeUoUzypUvQAH4LGlIIYE9uYd5a0kki6VTXAng7ID0K08oIFsQcPKgbHBeMNVpZnE4DhKofDDNp11QgCsGzgDg%3D%3D&xkcb=SoDZ67M3_Po3GBwnAB0CbzkdCdPP&fccid=b4048be2884af072&vjs=3"
113,"Microsoft Azure Security & Infrastructure Engineer / Consultant","ECF Data, LLC","Hybrid work in Tampa, FL 33606","$40 - $65 an hour","The Azure Engineer will provide the engineering and second level of support for all Azure platform and related services.
AZ-103: Microsoft Azure Administrator.","Posted
Posted 2 days ago","https://www.indeed.com/rc/clk?jk=865d44d6705e996a&bb=xmBCfNe9FIHcOqa2K-Y4oz5H3xVGpyH9XoPX3A4l-1ta6Z9ANmLWIpXNSYKqGA_g2J4_sBKrrcYUd4f1TnfGns1S6CLF6TaBklwdSBWVMLfQM11Wt7jqlMu-Vdt20Yf8&xkcb=SoBE67M3_Po3GBwnAB0BbzkdCdPP&fccid=b7ad2567b597d3af&vjs=3"
114,"Application Security Engineer - Remote","Ryder System","Remote in Miami, FL 33178","$120,000 - $150,000 a year","Analyze security assessment results to identify security vulnerabilities and provide guidance on remediation.
They will determine where security vulnerabilities…","Posted
Posted 30+ days ago","https://www.indeed.com/rc/clk?jk=ca5f3cd13858f58c&bb=xmBCfNe9FIHcOqa2K-Y4o-t7H4FtGfvLk508EnoR4uz13F4jOyWfCa9aOcucfLQYznPUJZA4OSL2x-FJ7xuD7Vm2wX3qLmZZwYcEWvPeOyiDiOMM7eewvg%3D%3D&xkcb=SoDw67M3_Po3GBwnAB0AbzkdCdPP&fccid=22f3171d623451cc&vjs=3"
115,"ERP Security Engineer","AdventHealth Information Technology","Altamonte Springs, FL 32701","$42.77 - $64.16 an hour","Ability to support multiple enterprise security platforms.
Perform periodic code analysis/review to ensure industry recognized standards are followed and…","Posted
Posted 30+ days ago","https://www.indeed.com/rc/clk?jk=5683d0398360ca77&bb=xmBCfNe9FIHcOqa2K-Y4o5PHEV-qFZif0y7SdcR1VK3brBdBOeiTXcg28hyNk_8dWw34gP1pz8vRvjf_oFpqMIqG9gHaP4F_3MZmiXFXhG5Rbo7Hlg1eGALyu7I5ZdHe&xkcb=SoB-67M3_Po3GBwnAB0HbzkdCdPP&fccid=8774cb43672c6306&vjs=3"
116,"Cyber Engineer","WOOD Consulting Services","Pensacola, FL",,"2+ years of applicable experience in cyber security.
Support the configuration and administration of cyber security tools and systems.","Posted
Posted 5 days ago","https://www.indeed.com/rc/clk?jk=fa0f8d70394e9ae5&bb=xmBCfNe9FIHcOqa2K-Y4o6rZl35pc11loYU95qe7oIfVnPs_-EQrK32JLRjT4CtIz-I9KQKU3_61AtVGMph7XRVsRC9tvupokJs127LlOo2Qh4eCHngnuaKhEGpIN4oh&xkcb=SoDK67M3_Po3GBwnAB0GbzkdCdPP&fccid=0dbc130088c02723&vjs=3"
117,"Identity Access Management (IAM) Engineer","JM Family Enterprises","Hybrid work in Deerfield Beach, FL",,"Assist with security investigations and execute preventive measures.
The Identity and Access Management (IAM) Engineer will report directly to the Identity and…","Posted
Posted 30+ days ago","https://www.indeed.com/rc/clk?jk=c6ae79ee08cb4ca4&bb=xmBCfNe9FIHcOqa2K-Y4o8HxjRnRAqSdtTvliQjTQnWmrvSTUoAVZiqumyTzyCHRXs04J4Wk9k9qaNHujOTJXOV7FFfWTiW8SM-vDjwmVgWmZ0G5AluTdb05EVPOj-qB&xkcb=SoBX67M3_Po3GBwnAB0FbzkdCdPP&fccid=84a811256879534a&vjs=3"
118,"Cyber Security Engineer","Vidorra Consulting Group","Tallahassee, FL",,"Design and implement security controls.
Be a subject matter expert on information security technologies and concepts.
ITIL training and certification is a plus.","Posted
Posted 30+ days ago","https://www.indeed.com/rc/clk?jk=390a1f0cbaf82757&bb=xmBCfNe9FIHcOqa2K-Y4o-t7H4FtGfvLhTRSCPIon8OsPRTD9MMyhgGQNiA6OAxuAwMhOl0GHQ_QzfXdTCYI_TZ0Sq_Rg9LdKL4kJGBW_hO1OaZIeaY5ZOkJHm27CGV1&xkcb=SoDj67M3_Po3GBwnAB0EbzkdCdPP&fccid=6f1ca26f210fd3d1&vjs=3"
119,"IT/Sr Info Security Engineer - Compliance and Security","Tallahassee Memorial Healthcare","Tallahassee, FL 32308",,"Installs and maintains security tools.
Leads information security architecture reviews for new and existing systems to ensure alignment with Tallahassee…","Posted
Posted 30+ days ago","https://www.indeed.com/rc/clk?jk=42f532e1e54db11c&bb=xmBCfNe9FIHcOqa2K-Y4o0h72fpn4FAv5edqGdFw_g2j6DssQdyLnp_-To-S2YdHBfzfSp3QL6lVXEZUyveZ4ZlUlRan9E64tDFVzaA7RPGopSg3ab-I1i-wb4I7gVik&xkcb=SoDE67M3_Po3GBwnAB0bbzkdCdPP&fccid=ae525d8abd9609b7&vjs=3"
120,"Staff Red Team Engineer | Security","ServiceNow","Orlando, FL 32826",,"Deep understanding of cyber security principles and best practices.
8+ years of experience in cyber security, with a focus on red teaming and penetration…","Posted
Posted 30+ days ago","https://www.indeed.com/rc/clk?jk=0c6ff0196c1686ae&bb=xmBCfNe9FIHcOqa2K-Y4o2g60iviEI2XVM1rvwzOZHLanmi_jbHUovgOhsIZzjEItYNMSsa5vzS5KIF6pWNBC8x0CQ-Q1mnwPk512y__rkRZ7CSuMfM1Mp5zbwrR0wKc&xkcb=SoBw67M3_Po3GBwnAB0abzkdCdPP&fccid=7442885bc0fa7c14&vjs=3"
121,"Windows Systems Engineer with Azure, Hyper-V, Networking and Security Experience (FL)","MSP4, LLC","Doral, FL",,"Experience in implementing security best practices for Windows and Azure environments.
Perform routine maintenance tasks such as backups, system updates, and…","Posted
Posted 30+ days ago","https://www.indeed.com/rc/clk?jk=94c05593bf4ef7aa&bb=aIgvT_SY66ChtFaL6BeMMosUkf9hF4xq3n7rxugz_2EW5Yp6wk6-0MUQmgeiXEBc-uePc0K8f9oxFwEM0ItfZL34eFNHoiERViShs14XwIjTST06thXWb0GuNdQZihpL&xkcb=SoDN67M3_Po208gDSj0LbzkdCdPP&fccid=c281b7e9009b7b74&vjs=3"
122,"GISCS Security Architecture and Engineering Senior Director","Holland America Line Inc","Miami, FL","$137,700 - $225,000 a year","The Sr. Director, Security Architecture and Engineering is responsible for leading the overall global strategy for cyber security, implementation of GISCS…","Posted
Posted 1 day ago","https://www.indeed.com/rc/clk?jk=a2adaa0d3fe0e8e4&bb=aIgvT_SY66ChtFaL6BeMMqebUCZ_BI4beru8mfEBhjYKpvoP0i5ew9-vP8ErJoBxaibOcHnY7hxZG3QlnYobWJZyVRro066TviEMt6zCDruohhr3P6RkU8XoZthawWGK&xkcb=SoB567M3_Po208gDSj0KbzkdCdPP&fccid=fa188178345ae8f8&vjs=3"
123,"Tier III Network Security Engineer (IPSec)","By Light Professional IT Services LLC","Tampa, FL 33608 
(MacDill AFB area)",,"Develop, implement, and support the overall network security architecture on the JCSE enterprise.
Perform vulnerability and risk analyses of security hardware…","Posted
Posted 11 days ago","https://www.indeed.com/rc/clk?jk=bedfdc1f367bbf04&bb=aIgvT_SY66ChtFaL6BeMMmdLJwz9YnpZdYmLwF042RxLpYPCB3hEggCF_0i9G5xVvtzly2U4NHrVKTee1zPBkYmN1aN4uEpwvwP_MSKx9Kb0Oj4QGFiDUH0VHiah6_Ky&xkcb=SoDk67M3_Po208gDSj0JbzkdCdPP&fccid=325a9317a3ddbde6&vjs=3"
124,"Job 43 Cyber Engineer Principal I","CYBER CODE MASTERS LLC","Pensacola, FL 32534","$92,500 - $112,000 a year","Lead cyber security teams working with a variety of different tools and appliances, security challenges, and troubleshooting various complex issues.","Employer
Active 15 days ago","https://www.indeed.com/rc/clk?jk=c4000e42a882c87b&bb=aIgvT_SY66ChtFaL6BeMMjx5MZqFM_bK1sWBImx-MAswKzWrxcUgFBkRZzRhnNGOmi0sCLtRiFqNbwy703l5gZDjmk96ZkKfmz5pyX92ARtvg9SBghNvIYW1WWPxDqXA&xkcb=SoBQ67M3_Po208gDSj0IbzkdCdPP&fccid=aba25b7d7b5f19fe&vjs=3"
125,"Database Security Engineer, Assistant Vice President","MUFG Bank, Ltd.","Hybrid work in Tampa, FL 33607","$121,000 - $142,000 a year","Using security principles and best practice, the engineer will work with a team of other security professionals to provide guidance and support to operational,…","Posted
Posted 30+ days ago","https://www.indeed.com/rc/clk?jk=b5f0ccbf114066b5&bb=aIgvT_SY66ChtFaL6BeMMpVb8BtKVk4YbcvMjoG0wGV37wjYFd_ghS7pe2pCouHycjSgXp4MsovglFg7MlKgV9LV0bVvOg99V18cCkF6KcyV7CKFsa_TS0vyHYrxfZvg&xkcb=SoDe67M3_Po208gDSj0PbzkdCdPP&fccid=3b98171e4a0fd997&vjs=3"
126,"Information Systems Security Engineer","By Light Professional IT Services LLC","Tampa, FL 33608 
(MacDill AFB area)",,"Supporting the building of security architectures.
Assisting architects and systems developers in the identification and implementation of appropriate…","Posted
Posted 7 days ago","https://www.indeed.com/rc/clk?jk=7e2c0112564bacc4&bb=aIgvT_SY66ChtFaL6BeMMk92YAwhGlyb-II_XjU8d9P9s2K-CdauUDUHKwJdj8k8kA4B4Ub4_pGbunF1GrE-Nw75sx-9tyDs8-E49w_PsL_XucHpbTJxBxpDTJK2almT&xkcb=SoBq67M3_Po208gDSj0ObzkdCdPP&fccid=325a9317a3ddbde6&vjs=3"
127,"Cloud Security Engineer","PerfectLaw Software","Miami, FL 33126 
(Flagami area)",,"Troubleshooting and resolving complex security issues in cloud environments, applying fundamental systems security understanding, skills, expertise, and…","Posted
Posted 30+ days ago","https://www.indeed.com/rc/clk?jk=0aa18bd0bebdecf8&bb=aIgvT_SY66ChtFaL6BeMMvewM3MeKPHPqXx8a6iQti0WrsB6wxvx1rm2LHf8DU08_dwHyF_UrO8OEnlKcm7pV1VGtvc_dnUl0zM5zZBZhWYULROhB_E1ixq1sgCZPf1q&xkcb=SoD367M3_Po208gDSj0NbzkdCdPP&fccid=9b4e0ccc1947df7a&vjs=3"
128,"Cyber Engineer","Castalia Systems, LLC","Pensacola, FL",,"Support the configuration and administration of cyber security tools and systems.
Experience with commercial cyber tools and technologies.","Posted
Posted 30+ days ago","https://www.indeed.com/rc/clk?jk=4f6ec4584ed771ee&bb=aIgvT_SY66ChtFaL6BeMMjTlViNd81NDtKu8KJePgrd2Pm-GF6P5MjFMIcNQ9u3HtS3SoPc4MMJR6jbvGFceLyZTpKQz8W3ydMTQb5TM9szuLhLfeUTvSzmwpIC9jU8m&xkcb=SoBD67M3_Po208gDSj0MbzkdCdPP&fccid=34a7773705c9403e&vjs=3"
129,"Senior Security Cloud Engineer","Lennar Homes","Miami, FL 33126 
(Flagami area)",,"3 - 5 years of experience with cloud security solutions such as:
Ability to confidently and simply explain technical security issues without hype or buzzwords.","Posted
Posted 4 days ago","https://www.indeed.com/rc/clk?jk=83625436afc66234&bb=aIgvT_SY66ChtFaL6BeMMo3mTmiQQ8KVmtGIqiYT9pjtaVI8NrJAPmB0Z6NZj6l1-gegg9dzB3UoKn_ygJa-7KVpB_I7wuQTgLtZWsfpytwvauqtfPLPtkQJOD0cFX-K&xkcb=SoCq67M3_Po208gDSj0DbzkdCdPP&fccid=425bf370eee2f3e9&vjs=3"
130,"Information System Security Engineer","CACI","Sarasota, FL 34240","$82,100 - $172,400 a year","Demonstrated experience with security Network devices (Firewalls and Switcheds).
Familiarity with code quality and code analyzing security tools.","Posted
Posted 30+ days ago","https://www.indeed.com/rc/clk?jk=b90291569176bd29&bb=aIgvT_SY66ChtFaL6BeMMuGvQ4uvmihyQBIt7mQCVBSonA42AZmhpvtxp-DyoejV5dWJVylhvScnvCPmVv14cqVsM8SK9G0ZMewU8oR7-fLjw8xiXzvp6T4Uebooaq4W&xkcb=SoAe67M3_Po208gDSj0CbzkdCdPP&fccid=5fca42294cdbc080&vjs=3"
131,"Information Systems Security Engineer (ISSE)","Sawdey Solution Services","Tampa, FL 33601","$94,500 - $128,250 a year","Coordinate security-related activities with information security architects, senior information security officers, information system owners, common control…","Posted
Posted 30+ days ago","https://www.indeed.com/rc/clk?jk=453bdb1ff98330bc&bb=aIgvT_SY66ChtFaL6BeMMhEjFPd4i052Ir2dxWknUVT-knWZIiB2nvWlneVaXU7yYfY5bRMDPiZ8QWbVq6qKPR4Nh38JG6VvGPhCOhMCqeka5DB-62AvXsDf8uYB1L20&xkcb=SoCD67M3_Po208gDSj0BbzkdCdPP&fccid=867432ca27e1513e&vjs=3"
132,"Site Reliability Engineer","Logistics Management Institute","Tampa, FL",,"This position requires an active security clearance at the Top Secret level and eligible for SCI access.
The Site Reliability Engineer (SRE) is required to…","Posted
Posted 30+ days ago","https://www.indeed.com/rc/clk?jk=650264fc5b2cd2bb&bb=aIgvT_SY66ChtFaL6BeMMl6_RVYoDvgJD6imUVkHjDTCRkk77zAPjxkevVfUvqMpeCcMgKWHe80MSVjjNefmRNxSzQuOCOGJO1Ia6Gr6W8W5IPJw1qZFe_MSPWDxFPzZ&xkcb=SoA367M3_Po208gDSj0AbzkdCdPP&fccid=12626f295bf6a003&vjs=3"
133,"Network Engineer (CCNA Certified) - Active Security Clearance Required","comtecinfo","Orlando, FL 32826",,"0-5 years of experience working in a cyber security related role.
2 years of experience in Risk Management Framework system acreditation acting in a cyber…","Posted
Posted 30+ days ago","https://www.indeed.com/rc/clk?jk=a8970dcaa04f7840&bb=aIgvT_SY66ChtFaL6BeMMjStsPxTehcRpzh9x_zi_bu2wB4eM1QSOq7HIyTd87wyX7dzudO45oWAuhYrI9BqfSeSUpVPiMcEovnPIa1sSBqS1vsUgDbo5IAbRZWPKfWf&xkcb=SoC567M3_Po208gDSj0HbzkdCdPP&fccid=e36b62be8424611e&vjs=3"
134,"Network Engineer","WPLG, Inc","Pembroke Park, FL 33023",,"A good understanding of cyber-security practices and the ability to adhere and enforce them while working is necessary.
A valid driver’s license is required.","Posted
Posted 30 days ago","https://www.indeed.com/rc/clk?jk=1a07c9dcbea870e9&bb=aIgvT_SY66ChtFaL6BeMMhszuzDYWOD1_DcZwL92rbQHoJiH0dBZI9dNK6vgjzhTH9AOe0TZa7snoF5Ha_Z1PqdT18Sv5ayhvHCA4l5RFQrVMt4f2wbld0vdO8ZF9FcJ&xkcb=SoAN67M3_Po208gDSj0GbzkdCdPP&fccid=1607a184eb390253&vjs=3"
135,"IT Network Security Engineer","Mack Technologies","Melbourne, FL 32904",,"Knowledgeable in network security measures, cyber hardening, and vulnerability management.
Respond to security incidents, conduct digital forensics, and enforce…","Posted
Posted 30+ days ago","https://www.indeed.com/rc/clk?jk=c74716472c2b942d&bb=aIgvT_SY66ChtFaL6BeMMko4hZ0vrJcYsX0yf3M_7PJWKT-yXrPGNCOmYRqkYsijxDxLr1MLxceBDT18hOSkiHXZns_lmmlG_qjYAYVk-x_fNJ_dnq6g745lIl_WF_hu&xkcb=SoCQ67M3_Po208gDSj0FbzkdCdPP&fccid=94b6400b007834f0&vjs=3"
136,"Firewall Engineer","Northern Technologies Group, Inc.","Tampa, FL 33613",,"Troubleshoot and resolve complex network security issues.
5 to 10 years of experience in firewall administration and network security.","Posted
Posted 30+ days ago","https://www.indeed.com/rc/clk?jk=779c7eac7e5f0ad0&bb=vJEGLOxv3WFrAaBckIxu0J19FPiBENO3jrMLNptAzYyNoFAciC6ssknTPiQEHqUq9k-PZKtqf_wEB40f3rqo3i1BtJTkmNuzTFqhQICIWBDA24wbEjRqKFQ1TDe_KUZs&xkcb=SoA167M3_Po2iVA0zD0LbzkdCdPP&fccid=483cd10b27b11aa0&vjs=3"
137,"Cyber Engineer","RadiantHire Solutions Inc.","Pensacola, FL",,"Experience with cloud-based cyber detection and incident response.
Current experience with cyber threats and the associated tactics, techniques, and procedures…","Posted
Posted 18 days ago","https://www.indeed.com/rc/clk?jk=6ee6891efb1110fb&bb=vJEGLOxv3WFrAaBckIxu0JNXEuz5mo7e6ctfMyowuynG4AZnYmUXC37dwNZjmHN8_ID-GahJeLFiCDT0ulRBj2GYJ-8aMh-TmULoTvrEBtPuxOsP6VpPRhQ1BwOMPq1r&xkcb=SoCB67M3_Po2iVA0zD0KbzkdCdPP&fccid=28354172ff086266&vjs=3"
138,"Senior Sailpoint Engineer","Raymond James Financial, Inc.","Hybrid work in Saint Petersburg, FL 33716",,"Obtains and evaluates information on factors such as reporting formats required, costs, and security needs to determine hardware configuration.","Posted
Posted 10 days ago","https://www.indeed.com/rc/clk?jk=dde09c9f400bb8a1&bb=vJEGLOxv3WFrAaBckIxu0BNgTbX_vTLAyf2hAQ99GfM1vSwcfxtvDRCvwVWmJ03SGCzPB1SLoIvOvirKiOF-rKWDaYHWsZsEd-oF6yQwRCV4qWxoM4sstkytJ3WZDe9D&xkcb=SoCo67M3_Po2iVA0zD0IbzkdCdPP&fccid=a29e9c4c46532426&vjs=3"
139,"Senior Information Security Data Engineer, VP (C13)","Citi","Jacksonville, FL","$113,840 - $170,760 a year","Facilitate the implementation of approved IS tools and identify/recommend new or improved security solutions or emerging technologies.","Posted
Posted 30+ days ago","https://www.indeed.com/rc/clk?jk=44f9e7b3d0768307&bb=vJEGLOxv3WFrAaBckIxu0NDCW1lg27sbq-EBDjTogfUHZkBQEL6G_BT3ibanIf4bWK5e_aI_93lXAWoMMiAya2JUxEBUJnrPeYrw2zluZG3wzYx3Y79_mA%3D%3D&xkcb=SoAm67M3_Po2iVA0zD0PbzkdCdPP&fccid=5bcd1ef0a7f4fb99&vjs=3"
140,"Cyber Reverse Engineer - Orlando, FL","ICR, Inc.","Orlando, FL 32789","$78,853 - $243,589 a year","Perform system security analysis on systems and/or software to understand and identify vulnerabilities.
Applications will be accepted on an ongoing basis.","Posted
Posted 30+ days ago","https://www.indeed.com/rc/clk?jk=fd3323e1f71e628e&bb=vJEGLOxv3WFrAaBckIxu0IHVofkkSVZWtTd1vWBLDscduCpYknotPkw_WJ-bikMnHV_5dhBCPCmZsNRPTcYWC_ssGEYFNIvzcGYdeCrJ0yUzcg45tJpheuVoZ9kKoM2A&xkcb=SoCS67M3_Po2iVA0zD0ObzkdCdPP&fccid=2af5cc81283b7eb0&vjs=3"
141,"Zscaler - Sr. Security Engineer. AVP - Term Role w/ benefits","MUFG Bank, Ltd.","Hybrid work in Tampa, FL","$110,000 - $145,000 a year","Additionally, engineer will be involved with maintaining, implementing, monitoring, supporting, and troubleshooting networks/applications/endpoint security.","Posted
Posted 30+ days ago","https://www.indeed.com/rc/clk?jk=f6c116068b59fe93&bb=vJEGLOxv3WFrAaBckIxu0C8GQnaKCGiUb0FJ12rqYbuxVeTJ3Ah6VIl17zAK7dSsrtpcoB3DhDYqFt2KQ9-t-anGQwiqVLKuBnms3LXksY9voq69vhliwG35H3au3iAc&xkcb=SoAP67M3_Po2iVA0zD0NbzkdCdPP&fccid=3b98171e4a0fd997&vjs=3"
142,"GSSE (GLOBAL SYSTEMS SUPPORT ENGINEERS)","Iron EagleX","Tampa, FL 33608 
(MacDill AFB area)",,"5 years performing security engineering are architecture with Bachelors’ Degree OR 10 years security engineering and architecture experience.","Posted
Posted 30+ days ago","https://www.indeed.com/rc/clk?jk=4f9a1df752d53b4b&bb=vJEGLOxv3WFrAaBckIxu0JMdbTriVribfSZ_Sfk5NxbphlXaiqYWZ5_3uGtDhH17Y7-egFkLY-RwFKSapGhmah4IgkP7GbD98JI4GM8rTvV30qtaD_iydB9j-vIbU--z&xkcb=SoC767M3_Po2iVA0zD0MbzkdCdPP&fccid=daf99aa6ad2b5d34&vjs=3"
143,"Software Security Engineer, Mid","Booz Allen","Pensacola, FL","$67,700 - $154,000 a year","The successful candidate will support a large federal cyber security analytic program - contributing to the knowledge of how cyber-attacks work, how…","Posted
Posted 16 days ago","https://www.indeed.com/rc/clk?jk=d7ceb032c99a871a&bb=vJEGLOxv3WFrAaBckIxu0DOpn76oGHKjet8GR9FdNhTDqWhtXQg2EnkSXt2TtWh9shLnMdXGt_X2hBbRQIHL30HEh0krhh5GDXxpDQEZh9xykmYCM31YG-n_K6vAQIOR&xkcb=SoBS67M3_Po2iVA0zD0DbzkdCdPP&fccid=4e041af1d0af1bc8&vjs=3"
144,"Identity & Access Management Engineer - Remote","Ryder System","Remote in Tallahassee, FL 32395","$80,000 - $85,000 a year","Experience administering IAM systems, access controls, security and risk management, and security governance fundamentals.","Posted
Posted 30+ days ago","https://www.indeed.com/rc/clk?jk=15ac2661c444875e&bb=vJEGLOxv3WFrAaBckIxu0B0RR6he3WAVb-YRJH2Guv8HMFKLbIzAmNgunOhzMZkaSuck0fwS88LQf28CUUL3cAxEo5TLUgGvKPSUfdImfTpeyuusax7DUQ%3D%3D&xkcb=SoDm67M3_Po2iVA0zD0CbzkdCdPP&fccid=22f3171d623451cc&vjs=3"
145,"Senior Cyber Engineer - Orlando, FL","ICR, Inc.","Orlando, FL 32789","$123,219 - $243,589 a year","Experience leading and tasking teams of engineers through technical design and delivery.
Perform system security analysis on systems and/or software to…","Posted
Posted 29 days ago","https://www.indeed.com/rc/clk?jk=bbe7e09a18213408&bb=vJEGLOxv3WFrAaBckIxu0G5g-ZXAAfwUCyjUxU8PLP10rdyq9aH0rgyfZu7p5Hi60WtMCuy2FIDUDIN5-8y6xLvgfArj8aRXaP9GT33o1OElv7aKkjxnfpjoX2naT-Vr&xkcb=SoB767M3_Po2iVA0zD0BbzkdCdPP&fccid=2af5cc81283b7eb0&vjs=3"
146,"Information Systems Security Engineer","V3Main Technologies Inc.","Tampa, FL",,"System security engineers coordinate their security-related activities with information security architects, senior information security officers, information…","Posted
Posted 30+ days ago","https://www.indeed.com/rc/clk?jk=f7cc23debf614a73&bb=vJEGLOxv3WFrAaBckIxu0HxXfRC0hontyoF3CIHQ8jjRCdUo4LFthvvnBgedSaC9ziI6ZUxnlSiUhwVeWCqAqw1fLdMeXGQ5zdQ_CrPgRyuKffGJThODWVpmPyAzWPzP&xkcb=SoDP67M3_Po2iVA0zD0AbzkdCdPP&fccid=c2cf8c6c92c1e6ef&vjs=3"
147,"GISCS Security Architecture and Engineering Senior Director","Carnival Corporation","Hybrid work in Miami, FL",,"The Sr. Director, Security Architecture and Engineering is responsible for leading the overall global strategy for cyber security, implementation of GISCS…","Posted
Posted 30+ days ago","https://www.indeed.com/rc/clk?jk=a8356f4868c01343&bb=vJEGLOxv3WFrAaBckIxu0KyJeG5BwZZO16cYM_C8a6aK8QgZYkMzPdhxgDTIY2AwIe5eT2NdkSynQW4zYhHQXLXBAcRTiUMMJzkuu8eTdozBAnf4Jg8nCG38IqT2w27d&xkcb=SoBB67M3_Po2iVA0zD0HbzkdCdPP&fccid=92ce68d28266b1a7&vjs=3"
148,"Information Systems Security Engineer (ISSE)","Axient LLC","Eglin AFB, FL 32542",,"Skilled with implementation of cyber security control practices.
The ideal candidate will be a strong team player with excellent technical and communication…","Posted
Posted 30+ days ago","https://www.indeed.com/rc/clk?jk=9dd51cd4d73fbb31&bb=vJEGLOxv3WFrAaBckIxu0LUICheaRGGWeBCpmFX9DPlibngZC4qrvZv20qQ9dsQDJNYsyK2FIsSPWn6nG80LMGPx2EOSRNnjkINMWKfSQ4VTc7-4mZ7ghbexXsMTGx7Y&xkcb=SoD167M3_Po2iVA0zD0GbzkdCdPP&fccid=a86c328d2dc4001d&vjs=3"
149,"Reverse Engineer","Cromulence LLC","Melbourne, FL 32901",,"A current U.S. government security clearance is required.
Candidate must be able to understand both offensive and defensive aspects of RE; defeating against and…","Posted
Posted 30+ days ago","https://www.indeed.com/rc/clk?jk=4e84aa1bb295f3d1&bb=vJEGLOxv3WFrAaBckIxu0NwVJg_BSxgJQzeeTvx29hPc8g_gn86cid5-9NnW3gD4CAMWY8fnnSnaAGSNq0okQx3DwrIZ6xudlQbXKuwSEYI82t0kBRL6dHVBRm6RDSGE&xkcb=SoBo67M3_Po2iVA0zD0FbzkdCdPP&fccid=2554e20ecd08ea54&vjs=3"
150,"Senior Cybersecurity Engineer – Zero Trust SME","CACI","Macdill AFB, FL","$90,700 - $199,600 a year","Knowledge of U.S. Department of Defense security requirements, regulations, policies, and procedures.
Collaborate with stakeholders to understand system…","Posted
Posted 30+ days ago","https://www.indeed.com/rc/clk?jk=7ce5f6067174177d&bb=vJEGLOxv3WFrAaBckIxu0D-uBmQnDtc2CMHTcOZkD-ue0K0CAhIhzrKuSiiNa6EY8LISdobDTrlJKJvNBb-2UrhIed5IFpZy-eRg5ifpav0Cvr7OPYB_2Q%3D%3D&xkcb=SoDc67M3_Po2iVA0zD0EbzkdCdPP&fccid=5fca42294cdbc080&vjs=3"
151,"Information Systems Security Engineer","Millennium Corporation","Orlando, FL 32826",,"A strong understanding of enterprise security principles and best practices.
The candidate must have an active Secret or TS SCI security clearance.","Posted
Posted 30 days ago","https://www.indeed.com/rc/clk?jk=a68619594ddb5297&bb=Vh2Z4XMu2o7SKCZEYsHl6ZiOIdZdBvtI8GnlgIVhnpRaVMYOzlr9MW3webZoYLxhDufQyH2yqJiBTHZH9cPBc47yMSzIxEozoJb3jF6S1157U6kXpi658CtQb8O94d7z&xkcb=SoAk67M3_Po2RBA0zD0LbzkdCdPP&fccid=3f55388652e9fc1c&vjs=3"
152,"Sales Engineer - Cloud, Security, & Managed IT Services","FIS Global","Jacksonville, FL 32204 
(Mixon Town area)",,"5+ years of experience as a pre-sales engineer, solutions engineer, architect, consultant, or related operational engineering role.","Posted
Posted 30+ days ago","https://www.indeed.com/rc/clk?jk=e36b608c3d5152b0&bb=Vh2Z4XMu2o7SKCZEYsHl6WNtp2mQy1TFkWbNPWPqaqvJuDXoVHpqg_wZkKDEK2J4bWJpJILzZRLgs--HQFM1fkG-W4rlWXA2X4lvjV7MbcyEf_qfitwQ6kDANwF60AKGGjGpvdlQ98M%3D&xkcb=SoCQ67M3_Po2RBA0zD0KbzkdCdPP&fccid=74e36d81c894b4b7&vjs=3"
153,"Database Security Engineer Lead, Vice President","MUFG Bank, Ltd.","Hybrid work in Tampa, FL 33607","$145,000 - $176,000 a year","Using security principles and best practice, the engineer will work with a team of other security professionals to provide guidance and support to operational,…","Posted
Posted 30+ days ago","https://www.indeed.com/rc/clk?jk=7c202f039bd2fb8b&bb=Vh2Z4XMu2o7SKCZEYsHl6TPsUNaQ6ucQlh5G2S_sldLanOORiNOcKU_HCExZQn52ItS7sxkVmRh63_KGS6DlLNbwI7a92zGwKPJG9Qx9OaveR_xl5deiZIUAJNH-4oeC&xkcb=SoAN67M3_Po2RBA0zD0JbzkdCdPP&fccid=3b98171e4a0fd997&vjs=3"
154,"Job 62 Cyber Engineer Principal I","CYBER CODE MASTERS LLC","Pensacola, FL 32534","$92,500 - $112,000 a year","Maintain an understanding of the current vulnerabilities, response, and mitigation strategies used in cyber security operations.
Must be a US Citizen.","Posted
Posted 28 days ago","https://www.indeed.com/rc/clk?jk=b8c32c4e5c1c2599&bb=Vh2Z4XMu2o7SKCZEYsHl6ZlL56VLsrVq4HF4bRLfwQH6Flz3m5b9mrSyD0AaPcU3eFTS_cMSTpnzddD1xleP4nED90DkHXyv9MiaupnjfLauWsQ8eF_tOwACG0hRKYHw&xkcb=SoC567M3_Po2RBA0zD0IbzkdCdPP&fccid=aba25b7d7b5f19fe&vjs=3"
155,"Senior Lead Security/Penetration Test Engineer (Remote)","S&P Global","Remote in Tallahassee, FL 32301","$105,000 - $200,000 a year","We are looking for a Lead security engineer responsible for security testing including penetration tests, vulnerability scanning, threat assessments, attack…","Posted
Posted 30+ days ago","https://www.indeed.com/rc/clk?jk=0824913c706013cd&bb=Vh2Z4XMu2o7SKCZEYsHl6UAqbeuHf8GrYZJ80gV1oV9XndAiZTj_aG2qIHGZynU7CnIyD8Lec3Lh8tknTX3pVtA-8zCXzbJsO2jl_lnwtN837Ap7397jtzAvFQiN94f6&xkcb=SoA367M3_Po2RBA0zD0PbzkdCdPP&fccid=b716e44d2c6283e7&vjs=3"
156,"Lead Data Security Engineer","ADP","Maitland, FL 32751","$75,600 - $202,590 a year","Interpret security and technical requirements from business requirements and communicate security risks to relevant stakeholders ranging from business leaders…","Posted
Posted 30+ days ago","https://www.indeed.com/rc/clk?jk=9f0eb9e3d1e7ab62&bb=Vh2Z4XMu2o7SKCZEYsHl6braOGrER1-CRE2J6jJkl1WKpR9I5jPvf0WINd0Adik3UY3GPDAoZmOAm4PeQ7XFtnMCEhgoaZm4MWzyzkPxDFiMtQNbwP27mA%3D%3D&xkcb=SoCD67M3_Po2RBA0zD0ObzkdCdPP&fccid=e996c2d6855fe778&vjs=3"
157,"Sr. Security Engineer","World Wide Technology Holding, LLC","Tampa, FL 33609 
(Swann Estates area)",,"Be experienced with security engineering as well as subject matter expert in the DoD/DISA Information Assurance (IA) requirements and have expert knowledge of…","Posted
Posted 30+ days ago","https://www.indeed.com/rc/clk?jk=6a85de9e0306db37&bb=Vh2Z4XMu2o7SKCZEYsHl6crgQ2-4hVkVNk4KLflPD6oFFLJeIe5Cu1rXc5I7D0YVkDM7VPzW_nYk27li4-e6fs_q_HYVE0Dojm47bXTV-GUNvCFZ4NlQwAf02AygW8yL&xkcb=SoAe67M3_Po2RBA0zD0NbzkdCdPP&fccid=a3824b5f2c11b45a&vjs=3"
158,"Cyber Engineer / Developer","Argo Cyber Systems","Pensacola, FL",,"Provide security tools administration, management, troubleshooting, and testing.
An active Secret security clearance is the minimum required with the…","Posted
Posted 30+ days ago","https://www.indeed.com/rc/clk?jk=27022703bdc3608e&bb=Vh2Z4XMu2o7SKCZEYsHl6XHfMiX_k_msbBrjo6ydUyO-rL2enG7GtYChB_l4c7Eh7MF_Mb6tWM3pD20sst8dROdUQFYD0Ef69qTKfNbk5ln_-ccmCVunLCH8eceQZnz6&xkcb=SoCq67M3_Po2RBA0zD0MbzkdCdPP&fccid=dd616958bd9ddc12&vjs=3"
159,"SailPoint Developer (Delivery Center/ Remote)","Deloitte","Remote in Boca Raton, FL",,"Help to build a strong ICAM foundation by integrating ICAM systems with in-house applications, third-party applications, and SaaS applications.","Posted
Posted 30 days ago","https://www.indeed.com/rc/clk?jk=588e5c2df2167f0f&bb=Vh2Z4XMu2o7SKCZEYsHl6QEonGYRh5GwIyP7KONvf1PMpzSkKaprWa1pMSmtqxQv3gi-NuSA3m_2jaGFoH7hJJt8pZSpsISjiVgPjjqE4SDNveCKgwI2Qg%3D%3D&xkcb=SoBD67M3_Po2RBA0zD0DbzkdCdPP&fccid=9e215d88a6b33622&vjs=3"
160,"Software Reverse Engineer - Orlando, FL","ICR, Inc.","Orlando, FL 32789","$78,853 - $236,579 a year","Perform system security analysis on systems and/or software to understand and identify vulnerabilities.
Applications will be accepted on an ongoing basis.","Posted
Posted 30+ days ago","https://www.indeed.com/rc/clk?jk=b4431164df7d9dd3&bb=Vh2Z4XMu2o7SKCZEYsHl6cO3jCszfqLnu3bPCXxPteSeluyRciTNYHMcoVFRv7L6qZ946cgSOkMR_sqLGasQEuiDiQORk_aBQFbfVPiETf1Zfyja41PLWoivdlRjRcC8&xkcb=SoD367M3_Po2RBA0zD0CbzkdCdPP&fccid=2af5cc81283b7eb0&vjs=3"
161,"Cyberware Engineers | Cyber Threat Hunters","Praxis Engineering","Melbourne, FL",,"Embedded software developer proficient in C, C++, and comfortable reading/writing assembler, particularly but not limited to, x86, ARM.","Posted
Posted 30+ days ago","https://www.indeed.com/rc/clk?jk=92d0519e6f0abbfe&bb=Vh2Z4XMu2o7SKCZEYsHl6TPsUNaQ6ucQal4MjvAuzlscUTfY-1eaQ9y29E3YDH2oi4LqgzE5WDOJOLfLUd9a5q0y9OhLi-jgJFcqpOquwiypiEqGILZ3cg%3D%3D&xkcb=SoBq67M3_Po2RBA0zD0BbzkdCdPP&fccid=c30fa7d623eff08c&vjs=3"
162,"Senior Cyber Engineer","Argo Cyber Systems","Pensacola, FL 32502","$80,000 - $95,000 a year","The engineering effort will focus on cloud security, SIEM and log management, and endpoint detection/response protecting customers from the ever growing and…","Posted
Posted 30+ days ago","https://www.indeed.com/rc/clk?jk=e31a2439d1f09fd5&bb=Vh2Z4XMu2o7SKCZEYsHl6QMvvKYeD4rt_1KvPhEYU_UlEgO0S_l_IOINCp_XMiJady5YL4xNAvObuL7LU9ENsvVoCA57uGStz9FNs5NICeZ-cO6WWQ_ZA8mS72ERCYE_&xkcb=SoDe67M3_Po2RBA0zD0AbzkdCdPP&fccid=dd616958bd9ddc12&vjs=3"
163,"Identity and Access Management (IAM) Lead Engineer","JM Family Enterprises","Hybrid work in Deerfield Bch, FL",,"Serve as a technical subject matter expert and a key influence maker for IAM as it relates to cloud security, network security, and other platforms related to…","Posted
Posted 30+ days ago","https://www.indeed.com/rc/clk?jk=7c2fcd070b0c3aa2&bb=Vh2Z4XMu2o7SKCZEYsHl6ZkpD0qYKpRN4aZQKq0olLh-vOXYFMXWezb9Hgop5UQWxvFJGTKr2BeGLaH76m4rn3WUh035OMuT_JxAahTufk_SMfh0e3cBqO5AjhpCw8te&xkcb=SoBQ67M3_Po2RBA0zD0HbzkdCdPP&fccid=84a811256879534a&vjs=3"
164,"Scientist, Info Sec Systems Engineer - Palm Bay, FL","L3Harris Technologies","Palm Bay, FL",,"Assist program security in the development of policies and procedures for emerging security technologies.
DoD Collateral SECRET security clearance required.","Posted
Posted 30+ days ago","https://www.indeed.com/rc/clk?jk=7f87cd965ffffc42&bb=Vh2Z4XMu2o7SKCZEYsHl6VzUWl8rN-07jZUr1SMHcqb1kWfuBITuEE-u7b_axGJn3twafrmr1Gi168ZEijDLPE8Sotfm6INCG0CTMidjHF5Vwmi-Lm1bOGzAFe3oMv-s&xkcb=SoDk67M3_Po2RBA0zD0GbzkdCdPP&fccid=6c6be4ac01722b08&vjs=3"
165,"Vice President, Senior Application Penetration Testing Engineer","Citi","Fort Lauderdale, FL","$117,440 - $176,160 a year","Research and identify potential security issues within Citi Applications.
Drive remediation by outlining a defense-in-depth approach to business stakeholders…","Posted
Posted 7 days ago","https://www.indeed.com/rc/clk?jk=b2afede70f61d334&bb=Vh2Z4XMu2o7SKCZEYsHl6XHfMiX_k_msyMfBYLUHFUorAgVpPIAIQoQG1wP8c42NxQRMNrnNEnyvPV0QtYlKgoZJpOfoc3k9S-yftpnUa190ep_2dB0LWg%3D%3D&xkcb=SoB567M3_Po2RBA0zD0FbzkdCdPP&fccid=5bcd1ef0a7f4fb99&vjs=3"
166,"Staff Security Engineer | Endpoint","ServiceNow","Orlando, FL 32826",,"Implement and manage security solutions to enhance the organization’s overall security posture, ensuring secure and efficient remote access and internet…","Posted
Posted 9 days ago","https://www.indeed.com/rc/clk?jk=097ec8fd7b564f1f&bb=QBFpm8E1yIVoWdPgrFPv9KD60mbQfWUV_1RYVcmj1hICZRYfRc987cBaLu4k7z_WyKgqnHgcNaIX9C3UBts5n3P5hkHXsZF1bkdbNQcsuQYRg-jT_6a7K2XZgyK-j3GT&xkcb=SoDl67M3_Po2MOwnAB0LbzkdCdPP&fccid=7442885bc0fa7c14&vjs=3"
167,"Senior Network Security Engineer","Comtec IT Services","Melbourne, FL 32904","$65 - $70 an hour","Developing security architectures: 5 years (Preferred).
Develop, maintain and publish network security technical documentation in accordance with L3Harris…","Posted
Posted 30+ days ago","https://www.indeed.com/rc/clk?jk=30c1bf849093d334&bb=QBFpm8E1yIVoWdPgrFPv9JnvdR3Aq7S00PxbODcpnJ0a6si8802jZaqaLWyiWV4lZavjF3_jG3SonKpUoZ0sLJQCXg8eP7Ls_ZRqc56Z4CHMahfRPZv2Cy-RruYqAV8u&xkcb=SoBR67M3_Po2MOwnAB0KbzkdCdPP&fccid=afc7687fc76b1a09&cmp=Comtec-IT-Services&ti=Network+Security+Engineer&vjs=3"
168,"Advisory - Cyber & Strategic Risk - Cyber Identity - ForgeRock Technical Architect and Developer","Deloitte","Boca Raton, FL",,"Join the team developing the future state of cyber risk solutions.
This is an unparalleled time of change with new information security challenges arising each…","Posted
Posted 30+ days ago","https://www.indeed.com/rc/clk?jk=7ab4bdcccef8d11a&bb=QBFpm8E1yIVoWdPgrFPv9EIcPU8JQOEG9eS7LpI6GNX1Qksf3YEglZ5s0bYHf1IUrudX0z-PPPbN21nBlcB0kvxFVJu__-ttmXs8uyb891mNdUFbkNpK2g%3D%3D&xkcb=SoDM67M3_Po2MOwnAB0JbzkdCdPP&fccid=9e215d88a6b33622&vjs=3"
169,"Senior Security Infrastructure Engineer","Arrow Electronics, Inc.","Florida",,"Wireless security, 2 factor authentication support experience.
This position is responsible for combination of security design and implementation work, as well…","Posted
Posted 30+ days ago","https://www.indeed.com/rc/clk?jk=d841547cb6ec8cb0&bb=QBFpm8E1yIVoWdPgrFPv9I8wTZQCofq1rX-NoZfQT0qpPZOulOuhWoDM0M0q7DeviZCfmgIKagx3Eb8fEX-cz0OhifTuQT1WV2M-RyGBevHxt9s5ZX0JIKDS7ywkvybJ&xkcb=SoB467M3_Po2MOwnAB0IbzkdCdPP&fccid=38ee0d4d719341c1&vjs=3"
170,"USCENTCOM CITS F5 Engineer","Northern Technologies Group, Inc.","Tampa, FL 33621 
(MacDill AFB Area area)",,"? Implement security policies on F5 platforms, including Web Application Firewall (WAF) configurations and DDoS protection, mitigating risks and fortifying the…","Posted
Posted 30+ days ago","https://www.indeed.com/rc/clk?jk=21db0c03475b3ddf&bb=QBFpm8E1yIVoWdPgrFPv9Fyq4LoGMY-o4Mpwld5_Ecuz5qgn2UV-BFWObFp8e7ruRVqVjUAjkPV8ri2sp3cewNKWbCfVjQSaXgZuzo6-zVsWLgJDGyy-3_kQmv4aIpE_&xkcb=SoD267M3_Po2MOwnAB0PbzkdCdPP&fccid=483cd10b27b11aa0&vjs=3"
171,"Lead, Systems Engineer - Cyber Effects (Active TS/SCI Clearance Required)","L3Harris Technologies","Palm Bay, FL",,"As you develop operational CONOPS, you will work with creative, innovative, and collaborative team of hardware and software engineers to analyze and develop…","Posted
Posted 30+ days ago","https://www.indeed.com/rc/clk?jk=4552315d3c0fe87b&bb=QBFpm8E1yIVoWdPgrFPv9DAPhrByyxlao5fxjR05pHhyb82yr823sK9g66aB0dyhpFMXYRnPd7uQhPAmuwWzd5kRGBeqb2JdCZDZK14ofN_dNHQ9Ije5CzRRC2ZKxSrY&xkcb=SoBC67M3_Po2MOwnAB0ObzkdCdPP&fccid=6c6be4ac01722b08&vjs=3"
172,"Web Application Firewall Engineer","Deloitte","Miami, FL",,"Good understanding of information security principles, and security policy enforcement.
Develop scalable security management tools and processes.","Posted
Posted 9 days ago","https://www.indeed.com/rc/clk?jk=3e46a0dc8932a30a&bb=QBFpm8E1yIVoWdPgrFPv9FwEGdOLBRThK7DhPix8tzCMSbkFeHylFt6CFZeiPm_Ii6qJwTVByT9Vh0Iqj5hxAdeNh8GSJ8ZPcTCtsmEiyukZ2u6XiCrIug%3D%3D&xkcb=SoDf67M3_Po2MOwnAB0NbzkdCdPP&fccid=9e215d88a6b33622&vjs=3"
173,"Senior Vice President, Identity and Access Management Engineer","BNY Mellon","Lake Mary, FL",,"Senior Vice President, Identity and Access Management Engineer.
At BNY, our culture empowers you to grow and succeed.
This is what #LifeAtBNY is all about.","Employer
Active 9 days ago","https://www.indeed.com/rc/clk?jk=a33aae679b8d382c&bb=QBFpm8E1yIVoWdPgrFPv9OyLN0Ax3wB5tuEXG9Oa-pjYhUJEPm8MWKP_f1yzOulElTHkvTwjrLwLa5nstgFqnDwMUtoAqnNzpmybYsVDcdY3ORN7uO6wHA%3D%3D&xkcb=SoBr67M3_Po2MOwnAB0MbzkdCdPP&fccid=b4048be2884af072&vjs=3"
174,"Senior Principal Cyber Engineer","Raytheon","Indialantic, FL 32903","$118,000 - $246,000 a year","As a Senior Principal Cyber Engineer supporting the CODEX Services group, you will contribute to one or more product security programs in collaboration with…","Posted
Posted 28 days ago","https://www.indeed.com/rc/clk?jk=5b52672f4fa0f367&bb=QBFpm8E1yIVoWdPgrFPv9HlatLdcDnX6ayE0LISWPxhhYUJAdrrqsykqs0WIvAB3exiN16iLvQf_lvi43m3Pu9gKgggaXymy5N76jlKZONQNRFFq-uTBFw%3D%3D&xkcb=SoCC67M3_Po2MOwnAB0DbzkdCdPP&fccid=aa53b551f9df0210&vjs=3"
175,"Senior Cyber Technology Engineer","BNY Mellon","Lake Mary, FL",,"10+ years of experience in information security or related technology experience required, experience in the securities or financial services industry is a plus…","Posted
Posted 16 days ago","https://www.indeed.com/rc/clk?jk=0c7a3dcdcc8a98a2&bb=QBFpm8E1yIVoWdPgrFPv9G06ow3mqvEo-EJ5MYdDP24129DgL31PLWGSnBiiLKAwBU4q58lranxPgXT6Rvdb6Z3VN-Sail7qhbuJs6trsLAxPByAM2tFGQ%3D%3D&xkcb=SoA267M3_Po2MOwnAB0CbzkdCdPP&fccid=b4048be2884af072&vjs=3"
176,"SITEC - Network Engineer - Security (SR) - MacDill AFB, Florida","Peraton","Macdill AFB, FL","$86,000 - $138,000 a year","DoD security clearance at the TS/SCI level is required .
Peraton is a next-generation national security company that drives missions of consequence spanning the…","Posted
Posted 30+ days ago","https://www.indeed.com/rc/clk?jk=6ddbc890ff548627&bb=QBFpm8E1yIVoWdPgrFPv9G06ow3mqvEo92j2RA9EYyTdGezm9y_-NwTU5zvHQutFI4-o25ABP8YCFE2bnzi-HdZ8Hb56DIZDUK8uavq7lsVdam7k-trkf8K4gKponIrdnt6szD3YlJ4%3D&xkcb=SoCr67M3_Po2MOwnAB0BbzkdCdPP&fccid=7dc8be9efe945d3a&vjs=3"
177,"Senior Cloud Security & Automation Engineer","BNY Mellon","Lake Mary, FL",,"Experience with cyber security related processes and tooling (e.g., Vulnerability management, IAM).
Experience in implementing security controls in CI/CD…","Posted
Posted 30+ days ago","https://www.indeed.com/rc/clk?jk=8cf29929b8d084ad&bb=QBFpm8E1yIVoWdPgrFPv9F1OY3uuSQ0liDTi2jwkN-Fk4jTEhW7UjteTHRoLCEE4FEyEN7U3inOvAie_AheNQgzDGAriZYjhSsbWZlZ3byHrZO_94n-JAQ%3D%3D&xkcb=SoAf67M3_Po2MOwnAB0AbzkdCdPP&fccid=b4048be2884af072&vjs=3"
178,"Senior Staff Product Security Engineer (SSDL)","ServiceNow","Orlando, FL 32826",,"Be an advocate for security and participate in a security champions program.
10+ years of experience in software security (AppSec).","Posted
Posted 30+ days ago","https://www.indeed.com/rc/clk?jk=145fc135908ae9b8&bb=QBFpm8E1yIVoWdPgrFPv9OOc3k6iOp8vuhHDSXX-ku-w8uXLoHFtWJJ6G6--BPamP03NnAqcyz2nVqWyXQNJnRRiGWwYhw4_BvMtx9Hvuc2Pztx5tiVXjH-rdx5CndJQ&xkcb=SoCR67M3_Po2MOwnAB0HbzkdCdPP&fccid=7442885bc0fa7c14&vjs=3"
179,"Network Engineers (Transitioning Military)","INflow Federal","Pensacola, FL",,"At INflow Federal, we're not just navigating the frontier of digital transformation; we're reshaping it.
Our dedication to merging the prowess of humans and…","Posted
Posted 30+ days ago","https://www.indeed.com/rc/clk?jk=3ab28d5a29051228&bb=QBFpm8E1yIVoWdPgrFPv9DnYG8COLn0NT0l7BwDJ79doBkMT96NWTh8f3tKDOGg2Ng1DPpQYZ0MeS6Y9gtJHrKxNhOWCJVtXJD6rlcE33CqcgXICC1R-6Y0DdD4Y1-FM&xkcb=SoAl67M3_Po2MOwnAB0GbzkdCdPP&fccid=05ad1ad310669ab9&vjs=3"
180,"Senior Staff Software Engineer | IAM | SailPoint IdentityIQ","ServiceNow","Orlando, FL 32826",,"Dedication to continuous improvement, security process engineering, and operational excellence.
Partner with cross-functional teams to assess and address…","Posted
Posted 30+ days ago","https://www.indeed.com/rc/clk?jk=eb5dac1c3d7f2e61&bb=QBFpm8E1yIVoWdPgrFPv9Ij8rlM5-Ukz2gZpIlSU14MsXhX9HIdjVPrujK9EB_87R-riEssZZmGy6WdF5s65V-hj9VwWi_xYIXqnD6GhqW8BUnZ3kvzNoDe3bB1KghgZ&xkcb=SoC467M3_Po2MOwnAB0FbzkdCdPP&fccid=7442885bc0fa7c14&vjs=3"
